canonical_song_id,display_artist,display_title,total_plays,events_played,first_event,last_event
SONG_0001,Offer Nissim,Crazy Things At Night,9,9,EVT_01,EVT_20
SONG_0002,Offer Nissim,Esther,8,8,EVT_01,EVT_19
SONG_0003,Offer Nissim,Ahasuerus,5,4,EVT_01,EVT_17
SONG_0004,Offer Nissim,Umpatampa,3,3,EVT_01,EVT_15
SONG_0005,Lara Fabian,Growing Wings,5,5,EVT_01,EVT_17
SONG_0006,Offer Nissim Feat. Riki Ben-Ari,Dance The Night,11,11,EVT_01,EVT_20
SONG_0007,Extasia & Zach Adam Feat. Rony G,Light Beams,5,5,EVT_01,EVT_14
SONG_0008,Offer Nissim Feat. Maya Simantov & Vanesa Klein,Breaking Away,1,1,EVT_01,EVT_01
SONG_0009,Jennifer Lopez,Que Hiciste,1,1,EVT_01,EVT_01
SONG_0010,Offer Nissim Feat. Gila Goldstein,Feel It,5,5,EVT_01,EVT_17
SONG_0011,Sarit Hadad,Ze She'shomer Alay,3,3,EVT_01,EVT_18
SONG_0012,Offer Nissim Feat. Sarit Hadad,Shufuni,2,2,EVT_01,EVT_03
SONG_0013,Miri Mesika,Mefahed Allay'ich,3,3,EVT_01,EVT_06
SONG_0014,Offer Nissim Feat. The Tricksters (Yael Poliakov And Ilan Peled),Sing From Your Pussy,4,4,EVT_01,EVT_04
SONG_0015,Offer Nissim Feat. Ilan Peled,Mushi Mushi,2,2,EVT_01,EVT_04
SONG_0016,Offer Nissim Feat. Epiphony,Break My World,1,1,EVT_01,EVT_01
SONG_0017,Henree Feat. Nikka,See Me Now (Finally),1,1,EVT_01,EVT_01
SONG_0018,The Trash Mermaids,Xperiel,4,4,EVT_01,EVT_05
SONG_0019,Offer Nissim Feat. Ivana Lola,Kriminal Eye,6,6,EVT_01,EVT_16
SONG_0020,Amelia Lily,You Bring Me Joy,12,12,EVT_01,EVT_21
SONG_0021,Offer Nissim Feat. Riki Ben-Ari,Fame,3,3,EVT_01,EVT_11
SONG_0022,Offer Nissim Feat. Maya Simantov,Wake Up,3,3,EVT_01,EVT_17
SONG_0023,Offer Nissim,Cha Cha Cha,9,9,EVT_01,EVT_19
SONG_0024,Meital De Razon & Asi Tal,Toda La Noche,2,2,EVT_01,EVT_09
SONG_0025,Steps,Scared Of The Dark,2,2,EVT_01,EVT_10
SONG_0026,Rita,Beegharar,4,4,EVT_01,EVT_14
SONG_0027,Offer Nissim Feat. Eyal Golan,Lo Mevina Ivrit,10,10,EVT_01,EVT_16
SONG_0028,Offer Nissim Vs Abdulqader Qawza,Lord Of Mercy,1,1,EVT_01,EVT_01
SONG_0029,Vali,Ain't No Friend Of Mine,4,4,EVT_01,EVT_17
SONG_0030,Vali,Pluto,4,4,EVT_01,EVT_10
SONG_0031,Cher,Gimme! Gimme! Gimme! (A Man After Midnight),17,17,EVT_01,EVT_20
SONG_0032,Offer Nissim Feat. Maya Simantov,Everybody Needs A Man,19,19,EVT_01,EVT_21
SONG_0033,Offer Nissim Feat. Maya Simantov,I'm In Love,11,11,EVT_01,EVT_20
SONG_0034,Offer Nissim Feat. Ania Bukstein,Rokedet,12,12,EVT_01,EVT_18
SONG_0035,Offer Nissim,Set My Mind Free,4,4,EVT_01,EVT_04
SONG_0036,Nirious,People,1,1,EVT_01,EVT_01
SONG_0037,Offer Nissim,Open Your Eyes,1,1,EVT_01,EVT_01
SONG_0038,Losless,Synecku,1,1,EVT_01,EVT_01
SONG_0039,Offer Nissim Feat. Maya Simantov,When We Met,1,1,EVT_01,EVT_01
SONG_0040,Offer Nissim Feat. Maya Simantov,Let Me Live,16,16,EVT_01,EVT_20
SONG_0041,Offer Nissim Feat. Maya Simantov,Perfect Love,6,6,EVT_01,EVT_21
SONG_0042,Offer Nissim Feat. Maya Simantov,Tel Aviv,7,7,EVT_01,EVT_20
SONG_0043,Offer Nissim Feat. Epiphony,Believe In Me,3,3,EVT_01,EVT_19
SONG_0044,Offer Nissim,Shalom Aleychem,7,7,EVT_01,EVT_15
SONG_0045,Offer Nissim,Completely Yourself,21,21,EVT_01,EVT_21
SONG_0046,Madonna,Girls Gone Wild,2,2,EVT_01,EVT_15
SONG_0047,Suzanne Palmer,Fascinated,7,7,EVT_01,EVT_21
SONG_0048,Offer Nissim Feat. Dana International,We Can Make It,6,6,EVT_01,EVT_17
SONG_0049,Offer Nissim Feat. Sailo,Forgive Me,3,3,EVT_01,EVT_07
SONG_0050,Brothers In Rhythm,Such A Good Feeling,6,6,EVT_01,EVT_20
SONG_0051,Billie Ray Martin,The Glittering Gutter,5,5,EVT_01,EVT_16
SONG_0052,Offer Nissim Presents Jimmy Fontana,El Mundo,3,3,EVT_01,EVT_16
SONG_0053,Kristine W.,Save My Soul,1,1,EVT_01,EVT_01
SONG_0054,Britney Meets Hollywood,Gimme More And More,2,2,EVT_01,EVT_18
SONG_0055,Anita Meyer,Why Tell Me Why,7,7,EVT_01,EVT_20
SONG_0056,Offer Nissim Feat. ROCKING SON,Moskau,1,1,EVT_01,EVT_01
SONG_0057,Offer Nissim,Barcelona,1,1,EVT_01,EVT_01
SONG_0058,Shirley Bassey,La Passione,5,5,EVT_01,EVT_19
SONG_0059,Kim Wilde,Loved,3,3,EVT_01,EVT_18
SONG_0060,Offer Nissim Feat. The Israeli Opera,Hymns To God,12,12,EVT_02,EVT_19
SONG_0061,Offer Nissim Feat. Maya Simantov,Open Up,4,4,EVT_02,EVT_17
SONG_0062,Black Box,Everybody Everybody,4,4,EVT_02,EVT_20
SONG_0063,Offer Nissim Feat. Meital De Razon,My Pride,4,4,EVT_02,EVT_20
SONG_0064,Offer Nissim Presents The Bitches,Ain't No Mountain,9,9,EVT_02,EVT_20
SONG_0065,Madonna X Maluma,Medellin,2,2,EVT_02,EVT_03
SONG_0066,Offer Nissim Feat. Nasrin Kadri,Lord Of Mercy,3,3,EVT_02,EVT_04
SONG_0067,Farid El Atrache,Banadi Aleik,2,2,EVT_02,EVT_07
SONG_0068,Offer Nissim,Dancing,3,3,EVT_02,EVT_09
SONG_0069,Michelle Obama All-Star Girl Power Anthem,This Is For My Girls,8,8,EVT_02,EVT_18
SONG_0070,Offer Nissim Feat. Maya Simantov,Rainbow,3,3,EVT_02,EVT_20
SONG_0071,Offer Nissim Feat. Zach Adam & Riki Ben-Ari,Born To Dance,2,2,EVT_02,EVT_03
SONG_0072,Offer Nissim Feat. Maya Simantov,Wish You Were Here,6,6,EVT_02,EVT_19
SONG_0073,Paul Oakenfold,Southern Sun,2,2,EVT_02,EVT_19
SONG_0074,Vanessa Paradis,Joe Le Taxi,2,2,EVT_02,EVT_19
SONG_0075,ABBA,SOS,1,1,EVT_02,EVT_02
SONG_0076,Offer Nissim Feat. Maya Simantov,Come Out,3,3,EVT_02,EVT_18
SONG_0077,Offer Nissim,Africa,4,4,EVT_02,EVT_17
SONG_0078,Offer Nissim,Osa Osa,4,4,EVT_02,EVT_17
SONG_0079,Eartha Kitt,Where Is My Man,5,5,EVT_02,EVT_17
SONG_0080,Offer Nissim Feat. Epiphony & Elisete,Million Stars,1,1,EVT_02,EVT_02
SONG_0081,Offer Nissim Feat. Betty,Poison (Ra'al),5,5,EVT_02,EVT_21
SONG_0082,Offer Nissim,A Relationship With A Man,3,3,EVT_02,EVT_04
SONG_0083,Deborah Cox,Easy As Life,8,8,EVT_02,EVT_20
SONG_0084,Donna Summer & Barbra Streisand,Enough Is Enough,7,7,EVT_02,EVT_21
SONG_0085,Offer Nissim X Ania Bukstein,Equality,2,2,EVT_02,EVT_04
SONG_0086,Offer Nissim Feat. Meital De Razon & Riki Ben-Ari,Better Man,2,2,EVT_02,EVT_04
SONG_0087,Aretha Franklin,Rolling In The Deep,7,7,EVT_02,EVT_18
SONG_0088,Offer Nissim,Fucker,1,1,EVT_02,EVT_02
SONG_0089,Anggun,The Good Is Back,6,6,EVT_02,EVT_21
SONG_0090,Idan Raichel,Achshav Nish'arnu,1,1,EVT_02,EVT_02
SONG_0091,Offer Nissim Feat. Dana International,Layla Tov Eropa,3,3,EVT_02,EVT_20
SONG_0092,Offer Nissim X Ninet,Who Wants To Live Forever,1,1,EVT_02,EVT_02
SONG_0093,Madonna,God Control,5,5,EVT_03,EVT_14
SONG_0094,Offer Nissim,Theater Club,3,3,EVT_03,EVT_21
SONG_0095,Love De-Luxe,Here Comes That Sound Again,2,2,EVT_03,EVT_06
SONG_0096,Offer Nissim Vs Michael Jackson,Off The Wall,1,1,EVT_03,EVT_03
SONG_0097,Offer Nissim Feat. Maya Simantov,Lie,3,3,EVT_03,EVT_14
SONG_0098,Offer Nissim Feat. Zach Adam,You Need My Love,2,2,EVT_03,EVT_11
SONG_0099,Dana International,Petra,3,3,EVT_03,EVT_19
SONG_0100,Offer Nissim Presents Ilan Peled,C'est Coccinelle,2,2,EVT_03,EVT_19
SONG_0101,Britney Spears,Till The World Ends,3,3,EVT_03,EVT_15
SONG_0102,Beyoncé,Run The World (Girls),4,4,EVT_03,EVT_21
SONG_0103,Keren Peles,Mi Ani,2,2,EVT_03,EVT_06
SONG_0104,Offer Nissim Vs Led Zeppelin,Whole Lotta Love,1,1,EVT_03,EVT_03
SONG_0105,Madonna,I Rise,3,3,EVT_03,EVT_05
SONG_0106,Angie Stone,Wish I Didn't Miss You,7,7,EVT_03,EVT_19
SONG_0107,Offer Nissim Feat. Maya Simantov,Searching,5,5,EVT_03,EVT_21
SONG_0108,Offer Nissim Feat. Maya Simantov,Holding On,1,1,EVT_03,EVT_03
SONG_0109,Offer Nissim Presents Ofra Haza,Latet,1,1,EVT_03,EVT_03
SONG_0110,Offer Nissim Feat. Omri Mizrahi,Don't Stop The Dance,3,3,EVT_03,EVT_15
SONG_0111,Offer Nissim X Mergui,City Lights,1,1,EVT_03,EVT_03
SONG_0112,Offer Nissim,Sex,1,1,EVT_03,EVT_03
SONG_0113,Offer Nissim,Up To The Top,6,6,EVT_03,EVT_17
SONG_0114,Chava Alberstein,The Treasure,2,2,EVT_03,EVT_09
SONG_0115,Offer Nissim,Movement - Let The Music Play | Shannon,5,5,EVT_03,EVT_16
SONG_0116,Offer Nissim Feat. Ilan Peled,Pot Pot,2,2,EVT_03,EVT_06
SONG_0117,Michael Jackson,Billie Jean,1,1,EVT_03,EVT_03
SONG_0118,Chrissy Metz,I'm Standing With You,2,2,EVT_03,EVT_04
SONG_0119,Offer Nissim Feat. Riki Ben-Ari,Light My Fire,8,8,EVT_04,EVT_19
SONG_0120,Offer Nissim,Lost In Music,10,10,EVT_04,EVT_20
SONG_0121,Ivana Lola Feat. AC & GetFar,Don't You Hide (L.I.B.),3,3,EVT_04,EVT_17
SONG_0122,Madonna,I Don't Search I Find,8,8,EVT_04,EVT_19
SONG_0123,Suzanne Palmer,Free My Love,9,9,EVT_04,EVT_20
SONG_0124,Offer Nissim Feat. Maya Simantov,Happy People,3,3,EVT_04,EVT_12
SONG_0125,Offer Nissim Feat. Epiphony,Heaven In Your Eyes,3,3,EVT_04,EVT_18
SONG_0126,Rivka Zohar,Il n'est Pas Comme Hier,1,1,EVT_04,EVT_04
SONG_0127,Offer Nissim Presents Ilan Peled,Udrub,1,1,EVT_04,EVT_04
SONG_0128,Katy B,Crying For No Reason,4,4,EVT_04,EVT_15
SONG_0129,Offer Nissim,Bimbo,4,4,EVT_04,EVT_12
SONG_0130,Offer Nissim Feat. Maya Simantov,Miracle,4,4,EVT_04,EVT_19
SONG_0131,The Young Professionals,Be With You Tonight,2,2,EVT_04,EVT_11
SONG_0132,Kristine W.,Be Alright,5,5,EVT_04,EVT_20
SONG_0133,Jean-Jacques Goldman,La Vie Par Procuration,2,2,EVT_04,EVT_11
SONG_0134,Offer Nissim Feat. Assaf Amdursky,Again,1,1,EVT_04,EVT_04
SONG_0135,Offer Nissim,Each Other,1,1,EVT_04,EVT_04
SONG_0136,Chic,I Want Your Love,1,1,EVT_04,EVT_04
SONG_0137,Age of Love,The Age Of Love,2,2,EVT_04,EVT_21
SONG_0138,Celeda,The Underground,2,2,EVT_04,EVT_09
SONG_0139,Offer Nissim Feat. Maya Simantov,Hook Up,2,2,EVT_04,EVT_16
SONG_0140,Offer Nissim Feat. Epiphony,Out Of My Skin,7,7,EVT_04,EVT_21
SONG_0141,U2,Love Is Bigger Than Anything In Its Way,2,2,EVT_05,EVT_06
SONG_0142,Offer Nissim Feat. Maya Simantov,Like There Is No Tomorrow,13,13,EVT_06,EVT_21
SONG_0143,Offer Nissim,Studio 54,7,7,EVT_06,EVT_21
SONG_0144,Offer Nissim Feat. Deborah Cox,Summer Of Love,6,6,EVT_06,EVT_20
SONG_0145,Mr. Black & Offer Nissim,Mucho Bien,6,6,EVT_06,EVT_13
SONG_0146,Offer Nissim,Bombay,7,7,EVT_06,EVT_21
SONG_0147,Offer Nissim,La Talya,4,4,EVT_06,EVT_11
SONG_0148,Offer Nissim Feat. Riki Ben-Ari,I Can't Sleep At Night,3,3,EVT_06,EVT_14
SONG_0149,Offer Nissim Feat. Robin S.,Show Me Love,9,7,EVT_06,EVT_21
SONG_0150,Offer Nissim X Harel Skaat,Ahava Nafshi,5,5,EVT_06,EVT_20
SONG_0151,MNEK,"At Night, I Think About You",4,4,EVT_06,EVT_17
SONG_0152,Madonna,Living For Love,3,3,EVT_06,EVT_17
SONG_0153,Offer Nissim Feat. Maya Simantov,First Time,6,6,EVT_06,EVT_20
SONG_0154,Offer Nissim Feat. Maya Simantov,Like A Woman,3,3,EVT_06,EVT_09
SONG_0155,Offer Nissim Feat. Nasrin Kadri,Hubby,3,3,EVT_06,EVT_11
SONG_0156,Offer Nissim X Zehava Ben,Elai,1,1,EVT_06,EVT_06
SONG_0157,Offer Nissim Feat. Betty,Kol Doudi,4,4,EVT_06,EVT_19
SONG_0158,Offer Nissim Feat. Ilan Peled,Like A Mouse,1,1,EVT_06,EVT_06
SONG_0159,Offer Nissim Feat. Masaki Durian & Ilan Peled,Mayim,3,3,EVT_06,EVT_12
SONG_0160,Offer Nissim Feat. Meital De Razon,Like This Like That,14,14,EVT_07,EVT_20
SONG_0161,Offer Nissim Feat. Maya Simantov,Zero Fucks,6,6,EVT_07,EVT_21
SONG_0162,Offer Nissim Feat. Maya Simantov,Illusion,1,1,EVT_07,EVT_07
SONG_0163,Offer Nissim Feat. Ilan Peled,Viado Presidente,1,1,EVT_07,EVT_07
SONG_0164,Kristine W.,The Wonder Of It All,1,1,EVT_07,EVT_07
SONG_0165,Offer Nissim Feat. Rivka Zohar,Shoshanat Yaakov,2,2,EVT_07,EVT_11
SONG_0166,Offer Nissim X Tair Haim,Laila,4,4,EVT_07,EVT_17
SONG_0167,Offer Nissim Feat. Eyal Golan,Eshal,5,5,EVT_07,EVT_19
SONG_0168,Miri Paskal Feat. Firkat Al Nour,Tigi Nesam El Amar,1,1,EVT_07,EVT_07
SONG_0169,Offer Nissim Presents Linet & Ilan Peled,Falan Filan,1,1,EVT_07,EVT_07
SONG_0170,Aviv Geffen & Ella-Lee,Varod Mavrik,5,5,EVT_07,EVT_19
SONG_0171,StoneBridge Feat. Therese,Put 'Em High,1,1,EVT_07,EVT_07
SONG_0172,Offer Nissim Feat. Maya Simantov,Alone,5,5,EVT_07,EVT_17
SONG_0173,Offer Nissim,Infected Love,10,10,EVT_07,EVT_21
SONG_0174,Offer Nissim,Move Your Body,6,6,EVT_08,EVT_21
SONG_0175,Silver Convention,Fly Robin Fly,1,1,EVT_08,EVT_08
SONG_0176,Eliran Halevy,In My Heart,4,4,EVT_08,EVT_16
SONG_0177,Offer Nissim Feat. Ilan Peled,Mesuchsechet,3,3,EVT_08,EVT_12
SONG_0178,Madonna,Turn Up The Radio,1,1,EVT_08,EVT_08
SONG_0179,Offer Nissim X Netta Barzilai,We Are Drunk,1,1,EVT_08,EVT_08
SONG_0180,Deborah Cox,Everybody Dance,5,5,EVT_08,EVT_21
SONG_0181,Rita & ELK,Boom Boom Boom,3,3,EVT_08,EVT_12
SONG_0182,Offer Nissim,Atencion Alegria,5,5,EVT_08,EVT_17
SONG_0183,Donna Summer,Power Of Love,1,1,EVT_08,EVT_08
SONG_0184,Offer Nissim X Tal Ramon,Lo Levad,1,1,EVT_08,EVT_08
SONG_0185,Mariah Carey Vs Maya,I'm That Chick,1,1,EVT_08,EVT_08
SONG_0186,Offer Nissim Feat. Maya Simantov,Boys,3,3,EVT_08,EVT_10
SONG_0187,Madonna,Finally Enough Love,1,1,EVT_09,EVT_09
SONG_0188,Offer Nissim,Get What I Want,7,7,EVT_09,EVT_17
SONG_0189,Offer Nissim Feat. Maya Simantov,Bitch,3,3,EVT_09,EVT_21
SONG_0190,Offer Nissim,I Want Muscles,9,9,EVT_09,EVT_21
SONG_0191,Offer Nissim Feat. Shai Tsabari,Shalom Leah Dudi,1,1,EVT_09,EVT_09
SONG_0192,Ilan Peled,Frachtnin,1,1,EVT_09,EVT_09
SONG_0193,Offer Nissim Feat. Maya Simantov,Cuando,2,2,EVT_09,EVT_18
SONG_0194,Offer Nissim Feat. Maya Simantov,For Your Love,2,2,EVT_09,EVT_16
SONG_0195,Offer Nissim Feat. Symphony X,I Close My Eyes,3,3,EVT_09,EVT_21
SONG_0196,Offer Nissim Feat. Maya Simantov,Love Me,1,1,EVT_09,EVT_09
SONG_0197,Offer Nissim Feat. Maya Simantov,Be My Boyfriend,2,2,EVT_09,EVT_20
SONG_0198,Offer Nissim Presents Ilan Peled,Aprikose,1,1,EVT_09,EVT_09
SONG_0199,The KLF,What Time Is Love,7,7,EVT_09,EVT_21
SONG_0200,Pet Shop Boys,The Pop Kids,1,1,EVT_09,EVT_09
SONG_0201,Ran Danker,Malkat Harahava,6,6,EVT_09,EVT_20
SONG_0202,Offer Nissim Presents Amir Haddad,Désenchantée,2,2,EVT_09,EVT_18
SONG_0203,Offer Nissim Feat. Maya Simantov,You'll Never Know,1,1,EVT_09,EVT_09
SONG_0204,Offer Nissim,High In Bed,2,2,EVT_09,EVT_10
SONG_0205,Ivri Lider & Rita,Cinderella Rockefella,2,2,EVT_09,EVT_17
SONG_0206,Offer Nissim Feat. Dana International,Ani Lo Yechola Biladecha,2,2,EVT_09,EVT_12
SONG_0207,Offer Nissim X Tamir Grinberg,Our Love,2,2,EVT_10,EVT_11
SONG_0208,Rita & ELK,Bailador,2,2,EVT_10,EVT_11
SONG_0209,Offer Nissim,Underground,3,3,EVT_10,EVT_15
SONG_0210,The Trash Mermaids,Cryptic Love,2,2,EVT_10,EVT_16
SONG_0211,Dana International,Maganuna,2,2,EVT_10,EVT_21
SONG_0212,Offer Nissim X ODEYA,Baleylot,3,3,EVT_10,EVT_14
SONG_0213,Whitney Houston,I Didn't Know My Own Strength,1,1,EVT_10,EVT_10
SONG_0214,Eliran Halevy,Entourage,1,1,EVT_10,EVT_10
SONG_0215,Offer Nissim Presents Dynasty Season,The Children,1,1,EVT_10,EVT_10
SONG_0216,Offer Nissim Feat. Ilan Peled,Hypno Dance,3,3,EVT_10,EVT_21
SONG_0217,Offer Nissim Feat. Meital De Razon,Saved Me,1,1,EVT_10,EVT_10
SONG_0218,Offer Nissim Feat. Maya Simantov,Anything,1,1,EVT_10,EVT_10
SONG_0219,Lana Del Rey,Young And Beautiful,1,1,EVT_10,EVT_10
SONG_0220,Offer Nissim Feat. Maya Simantov,Let God,1,1,EVT_10,EVT_10
SONG_0221,Offer Nissim,Welcome,3,3,EVT_11,EVT_21
SONG_0222,Offer Nissim,Celebration,6,6,EVT_11,EVT_21
SONG_0223,Kristine W.,Everything That I Got,2,2,EVT_11,EVT_21
SONG_0224,Offer Nissim Feat. Epiphony,Mr Charming,2,2,EVT_11,EVT_21
SONG_0225,Offer Nissim Feat. Ilan Peled and Nasrin Kadri,Liberté,2,1,EVT_11,EVT_11
SONG_0226,Offer Nissim Feat. Nasrin Kadri,Lusi,2,2,EVT_11,EVT_21
SONG_0227,Eliran Halevy,Can You Feel It,1,1,EVT_11,EVT_11
SONG_0228,I Promised Mom & ANGST vor GRETA,My Sweet Stranger,1,1,EVT_11,EVT_11
SONG_0229,"Thayana Valle, Botteon, Out_Ctrl",Justify,1,1,EVT_11,EVT_11
SONG_0230,Offer Nissim X Dana International,Dana Kama,1,1,EVT_11,EVT_11
SONG_0231,Suzanne Palmer,Home,2,2,EVT_11,EVT_18
SONG_0232,Offer Nissim X Arik Einstein,Ma Shehaya Haya,1,1,EVT_11,EVT_11
SONG_0233,Mono,Life In Mono,1,1,EVT_11,EVT_11
SONG_0234,Offer Nissim,Don't Know What To Do,4,4,EVT_12,EVT_20
SONG_0235,Amanda Lear,Follow Me,3,3,EVT_12,EVT_16
SONG_0236,Nina Hagen,New York New York,5,5,EVT_12,EVT_19
SONG_0237,Offer Nissim Feat. Ilan Peled,Free To Change,1,1,EVT_12,EVT_12
SONG_0238,Offer Nissim Feat. Epiphony,Boxing Ring,1,1,EVT_12,EVT_12
SONG_0239,Offer Nissim Feat. Dana International,Power,4,4,EVT_12,EVT_16
SONG_0240,Dana International,Ahlah Gever,2,2,EVT_12,EVT_18
SONG_0241,Offer Nissim X Dana International,Down On Me,1,1,EVT_12,EVT_12
SONG_0242,Elad Navon,Flow,1,1,EVT_12,EVT_12
SONG_0243,Amuka vs Shakedown,Appreciate Me At Night,1,1,EVT_12,EVT_12
SONG_0244,Yello,Vicious Games,2,2,EVT_12,EVT_13
SONG_0245,David Bowie,Wild Is The Wind,2,2,EVT_12,EVT_13
SONG_0246,Yehuda Poliker X Offer Nissim,Aphrodite,1,1,EVT_12,EVT_12
SONG_0247,Deborah Cox,Everybody Dance / Easy As Life / Summer Of Love (opening-act medley),1,1,EVT_13,EVT_13
SONG_0248,Scissor Sisters,Fire With Fire,2,2,EVT_13,EVT_16
SONG_0249,Offer Nissim Feat. Ilan Peled,One Minute Before We All Die,1,1,EVT_14,EVT_14
SONG_0250,Offer Nissim,Keep On Dancing,1,1,EVT_14,EVT_14
SONG_0251,Offer Nissim,Feel Free,1,1,EVT_14,EVT_14
SONG_0252,Rihanna,Disturbia,1,1,EVT_14,EVT_14
SONG_0253,Alain Chamfort,Manureva 07,2,2,EVT_14,EVT_16
SONG_0254,Offer Nissim X Netta,Turn Up The Heat,2,2,EVT_14,EVT_15
SONG_0255,Shoshana Damari,Adaa'in Kan,2,2,EVT_14,EVT_19
SONG_0256,Offer Nissim & Firqat Alnoor X Benaia Barabi,Adon Haselichot,1,1,EVT_14,EVT_14
SONG_0257,Offer Nissim & Firqat Alnoor X Eden Ben Zaken,Nisbata Aemonim,1,1,EVT_14,EVT_14
SONG_0258,Offer Nissim Feat. Maya Simantov,All The Love,1,1,EVT_14,EVT_14
SONG_0259,Eliran Halevy,Open The Door,1,1,EVT_14,EVT_14
SONG_0260,Offer Nissim Feat. Maya Simantov,Heart Attack,1,1,EVT_14,EVT_14
SONG_0261,Offer Nissim X Ofra Haza,Adagio,7,7,EVT_15,EVT_21
SONG_0262,Offer Nissim,Toro,6,6,EVT_15,EVT_20
SONG_0263,Offer Nissim,How Deep Is Your Love,7,7,EVT_15,EVT_21
SONG_0264,Offer Nissim,When I Come Alive,3,3,EVT_15,EVT_18
SONG_0265,Offer Nissim,Can You Feel It,3,3,EVT_15,EVT_18
SONG_0266,Offer Nissim Feat. Maya Simantov,Come Back Home,1,1,EVT_15,EVT_15
SONG_0267,Offer Nissim Feat. Maya Simantov,Goddess,1,1,EVT_15,EVT_15
SONG_0268,Jessica Sanchez,Stronger Together,1,1,EVT_15,EVT_15
SONG_0269,Offer Nissim Feat. Cim W,I Want To Be With You,1,1,EVT_15,EVT_15
SONG_0270,Offer Nissim X Ania Bukstein,Nesika,2,2,EVT_15,EVT_16
SONG_0271,Frank Sinatra,The World We Knew,3,3,EVT_15,EVT_18
SONG_0272,Offer Nissim Feat. Boruch Sholom & Ilan Peled,Shuva,1,1,EVT_15,EVT_15
SONG_0273,Eliran Halevy Feat. Ivana Lola,Egoeista,1,1,EVT_15,EVT_15
SONG_0274,Eliran Halevy,Romeo And Juliet,1,1,EVT_15,EVT_15
SONG_0275,Offer Nissim,Saturday Night,4,4,EVT_15,EVT_21
SONG_0276,Offer Nissim & 2050,Reach Out,4,4,EVT_15,EVT_21
SONG_0277,Offer Nissim X Noa Kirel,Doctor,3,3,EVT_15,EVT_21
SONG_0278,Rockers Revenge,Walking On Sunshine,1,1,EVT_15,EVT_15
SONG_0279,Offer Nissim X Sasson Shaulov,Sipur Acher,1,1,EVT_15,EVT_15
SONG_0280,Suzanne Palmer,Eye Can See U,2,2,EVT_15,EVT_19
SONG_0281,Offer Nissim Feat. Ivana Lola,Kissed By You,1,1,EVT_15,EVT_15
SONG_0282,Offer Nissim,Everything Is Meaningless,1,1,EVT_16,EVT_16
SONG_0283,Offer Nissim Feat. Maya Simantov,Hysterical,3,3,EVT_16,EVT_21
SONG_0284,Offer Nissim,Rose,5,5,EVT_16,EVT_21
SONG_0285,Offer Nissim X Margol & Or Ben David,Pgisha,2,2,EVT_16,EVT_19
SONG_0286,Offer Nissim,Listen To My Heart,1,1,EVT_16,EVT_16
SONG_0287,Elad Navon,Honey,1,1,EVT_16,EVT_16
SONG_0288,SASH!,Encore Une Fois,1,1,EVT_16,EVT_16
SONG_0289,Ilan Peled,Let's Fly,1,1,EVT_16,EVT_16
SONG_0290,Eliran Halevy,So Good,3,3,EVT_16,EVT_18
SONG_0291,Eliran Halevy,Just Can't Stop,1,1,EVT_16,EVT_16
SONG_0292,Offer Nissim Feat. Nikka,Never See Me Again,2,2,EVT_16,EVT_18
SONG_0293,Nadia Ali,Rapture,1,1,EVT_16,EVT_16
SONG_0294,Offer Nissim,The Sphinx,1,1,EVT_17,EVT_17
SONG_0295,Offer Nissim,Raise Me Up,3,3,EVT_17,EVT_19
SONG_0296,Offer Nissim X Eden Golan,Pieces,2,2,EVT_17,EVT_18
SONG_0297,Offer Nissim Feat. Ilan Peled & Static,Tutta La Vita,1,1,EVT_17,EVT_17
SONG_0298,Offer Nissim Presents Los Chunguitos,Te Estoy Amando Locamente,1,1,EVT_17,EVT_17
SONG_0299,Offer Nissim Feat. Maya Simantov,Superman,2,2,EVT_17,EVT_20
SONG_0300,Offer Nissim Feat. Yael Bar Zohar,Desert Star 2025,2,2,EVT_17,EVT_19
SONG_0301,Offer Nissim,Little Space,1,1,EVT_17,EVT_17
SONG_0302,Eliran Halevy,Excited,4,4,EVT_17,EVT_21
SONG_0303,Melodic,Badman,1,1,EVT_17,EVT_17
SONG_0304,Offer Nissim Presents Ilan Peled,Whore Machine,1,1,EVT_17,EVT_17
SONG_0305,Offer Nissim Feat. Magi Azarzar,Titragel Ita,4,4,EVT_17,EVT_20
SONG_0306,Offer Nissim X Rinat Bar,Mushlemet Im Srita,1,1,EVT_17,EVT_17
SONG_0307,Offer Nissim Feat. Maya Simantov,Who Is She,1,1,EVT_17,EVT_17
SONG_0308,Offer Nissim Feat. Ninet,Human,2,2,EVT_17,EVT_18
SONG_0309,ABBA,Summer Night City,2,2,EVT_18,EVT_20
SONG_0310,Offer Nissim X Riki Ben-Ari,Slay,1,1,EVT_18,EVT_18
SONG_0311,Offer Nissim,California Dreaming,3,3,EVT_18,EVT_21
SONG_0312,Offer Nissim Feat. Ilan Peled,Tac Oh Tertako,1,1,EVT_18,EVT_18
SONG_0313,Offer Nissim,Haw Haw,1,1,EVT_18,EVT_18
SONG_0314,Offer Nissim X Eden Hason,LOVE IS LOVE,1,1,EVT_18,EVT_18
SONG_0315,Offer Nissim,XTC,3,3,EVT_18,EVT_20
SONG_0316,Madonna,Ghosttown,1,1,EVT_18,EVT_18
SONG_0317,Offer Nissim X Amir Haddad,Encore,1,1,EVT_18,EVT_18
SONG_0318,Offer Nissim Feat. Fairuz,Eastern Drums,1,1,EVT_18,EVT_18
SONG_0319,Ninet,Kacha Ze,1,1,EVT_18,EVT_18
SONG_0320,Rui Da Silva,Touch Me,3,3,EVT_18,EVT_21
SONG_0321,Offer Nissim Feat. Maya Simantov,Bridges,1,1,EVT_18,EVT_18
SONG_0322,Offer Nissim,Let Me Tell You Something,1,1,EVT_19,EVT_19
SONG_0323,Donna Summer,Sometimes Like Butterflies,3,3,EVT_19,EVT_21
SONG_0324,Offer Nissim,Naked In The Rain,2,2,EVT_19,EVT_21
SONG_0325,Offer Nissim Feat. Maya Simantov,Rain,1,1,EVT_19,EVT_19
SONG_0326,Offer Nissim,Found Love,1,1,EVT_19,EVT_19
SONG_0327,Offer Nissim X Yuval Raphael,Eagle,1,1,EVT_19,EVT_19
SONG_0328,Offer Nissim Feat. Maya Simantov,Turn The Beat Around,1,1,EVT_19,EVT_19
SONG_0329,Danny Tenaglia,Music Is The Answer,1,1,EVT_19,EVT_19
SONG_0330,Offer Nissim X Eliran Halevy,Circle,1,1,EVT_19,EVT_19
SONG_0331,Miri Mesika X Offer Nissim,Tizkor Oti,1,1,EVT_19,EVT_19
SONG_0332,Beyoncé,Deja Vu,1,1,EVT_19,EVT_19
SONG_0333,"Duke Dumont, Clementine Douglas",Ain't Giving Up,1,1,EVT_19,EVT_19
SONG_0334,Offer Nissim X Megaphonim,Super Spreader,1,1,EVT_19,EVT_19
SONG_0335,Offer Nissim Feat. Ivana Lola,Love Again,1,1,EVT_19,EVT_19
SONG_0336,Offer Nissim Feat. Ilan Peled,Blue Monday,1,1,EVT_19,EVT_19
SONG_0337,Offer Nissim,Midnight Summer Dream,2,2,EVT_20,EVT_21
SONG_0338,Offer Nissim X Celeda,Work Children,2,2,EVT_20,EVT_21
SONG_0339,Offer Nissim X Meital De Razon,Now Come On,2,2,EVT_20,EVT_21
SONG_0340,Offer Nissim,Enjoy Your Life,2,2,EVT_20,EVT_21
SONG_0341,Friburn & Urik,Take Me Love Me,2,2,EVT_20,EVT_21
SONG_0342,Offer Nissim X Anna Zak,Fix Me,1,1,EVT_20,EVT_20
SONG_0343,Madonna & Sabrina Carpenter,Bring Your Love,2,2,EVT_20,EVT_21
SONG_0344,Offer Nissim Feat. Maya Simantov,Holy Love,1,1,EVT_20,EVT_20
SONG_0345,Offer Nissim X Shiri Maimon,תסתכל לי בעיניים (Tistakel Li Ba'einayim),1,1,EVT_20,EVT_20
SONG_0346,Offer Nissim Feat. Gila Goldstein & Ilan Peled,I Can Be Whatever I Want,1,1,EVT_20,EVT_20
SONG_0347,Eliran Halevy,I'm In Love,2,2,EVT_20,EVT_21
SONG_0348,Eliran Halevy & More Avarhami,Turn Me Up,1,1,EVT_20,EVT_20
SONG_0349,Offer Nissim X Nasrin Kadri,הלך גבר? יבואו עשר (Halach Gever? Yavo'u Eser),1,1,EVT_20,EVT_20
SONG_0350,Offer Nissim X Eyal Golan,מתגעגע לתקופה (Mitga'agea LaTkufa),1,1,EVT_20,EVT_20
SONG_0351,Offer Nissim X Yardena Arazi,Amour Affamé,1,1,EVT_20,EVT_20
SONG_0352,Offer Nissim,So What You Gonna Do,1,1,EVT_21,EVT_21
SONG_0353,Offer Nissim X Betty,Light A Light,1,1,EVT_21,EVT_21
SONG_0354,Offer Nissim,Don't Stop (A Tribute To Michael Jackson),1,1,EVT_21,EVT_21
SONG_0355,Offer Nissim X Asulin,Handyman,1,1,EVT_21,EVT_21
SONG_0356,Offer Nissim X Eden Fines,Work,1,1,EVT_21,EVT_21
SONG_0357,Offer Nissim X Lior Narkis,Taxis,1,1,EVT_21,EVT_21
SONG_0358,Eliran Halevy X Ilan Peled,Big Energy,1,1,EVT_21,EVT_21
SONG_0359,Offer Nissim X Udi Schneider,Apollo,1,1,EVT_21,EVT_21
SONG_0360,Madonna,Danceteria,1,1,EVT_21,EVT_21
