event_id,event_name,event_edition,event_date,venue,city,country,set_start_time,set_end_time,set_duration,advertised_event_hours,source_image_name,source_notes,date_confidence,venue_confidence
EVT_01,"Offer Nissim Purim Carnival (""Dance Purim - Make Your Wish"")",Purim 2019,2019-03-23,"Expo Tel Aviv, Bitan 1 (Ganei Hataarucha)",Tel Aviv,Israel,20:06,01:58,5:52,,WhatsApp Image 2026-09-04 at 20.19.05.jpeg,"No date printed on image. Image shows 'Dance Purim', 'Bitan 1 | Ganei Hataarucha', VIVO / Heineken logos, 'Make Your Wish'. EXTERNAL: Expo Tel Aviv event page 'קרנבל פורים עופר ניסים' (https://expotelaviv.co.il/event/קרנבל-פורים-עופר-ניסים/) lists Saturday 23/3 (2019), Bitan 1, doors 16:00, organizer VIVO Productions; page modified 2019-03-18. Purim 2020 (7.3.20, Bitan 1) was postponed to 4/4/2020 and then cancelled (ynet L-5689359; Secret Tel Aviv June 2021 page), so 2020 is excluded. Purim 2018 not fully excluded but no evidence of an Expo Bitan 1 party that year; track list overlaps heavily with the June 2019 Pride set. Set end 01:58 is on 2019-03-24. DATE 2019-03-23 CONFIRMED by the archive owner (recorder of the set) on 04.09.2026.",HIGH,HIGH
EVT_02,Offer Nissim Live in Concert - Pride Tel Aviv - Under The Sky,Pride Tel Aviv 2019,2019-06-15,Park Hayarkon (Ganei Yehoshua),Tel Aviv,Israel,18:38,23:56,5:18,15:00-23:30 (Secret Tel Aviv listing),WhatsApp Image 2026-09-04 at 20.19.05 (1).jpeg,"Image header: 'PRIDE TEL AVIV | 15.06.2019 | UNDER THE SKY'. Venue not printed on image. EXTERNAL: Secret Tel Aviv listing (https://www.secrettelaviv.com/tickets/offer-nissim-live-in-concert-pride-tel-aviv-2019) - Sat 15 June 2019, 3:00 pm - 11:30 pm, Park Hayarkon, 'under the sky'. Confidence HIGH. Pride parade itself was Friday 14.06.2019; the concert was the following day.",HIGH,HIGH
EVT_03,Offer Nissim Rosh Hashanah Concert,Rosh Hashanah 2019 (5780),2019-09-30,"Expo Tel Aviv, Bitan 1",Tel Aviv,Israel,22:30,04:00,5:30,19:00-05:00 (Expo Tel Aviv listing); image shows doors 19:00,WhatsApp Image 2026-09-04 at 20.19.05 (2).jpeg,"Date on image partly hidden behind logo (reads '?0/09/..'); 'Expo Tlv Bitan 1' and '19:00' visible. Track 1 is 'God Control - Offer Nissim's Rosh Hashanah Remix'. EXTERNAL: Secret Tel Aviv Rosh Hashanah 2019 newsletter (https://www.secrettelaviv.com/magazine/blog/newsletter/rosh-hashanah-in-tel-aviv-2019) lists 'Offer Nissim Concert - Rosh Hashanah' Monday 30/9/2019 7pm at Expo Tel Aviv; Expo Tel Aviv page (https://expotelaviv.co.il/en/?p=7229) 'Rosh Hashana Party 2019', Monday 19:00-05:00, VIVO Productions. Set end 04:00 is on 2019-10-01.",HIGH,HIGH
EVT_04,Offer Nissim Dance Hanukkah,Hanukkah 2019,2019-12-21,"Expo Tel Aviv, Bitan 1",Tel Aviv,Israel,21:34,03:00,5:26,,WhatsApp Image 2026-09-04 at 20.19.06.jpeg,"Image reads 'DANCE HANUKKAH', 'Saturday December 21th 2019', 'Location: Expo tel aviv Bitan 1'; other DJ names (Ana Paula, Eliyotu?) partly visible behind the list (warm-up acts, not transcribed). Date 21.12.2019 was a Saturday - consistent. EXTERNAL: no listing found online for this specific night; date taken from image only. Set end 03:00 is on 2019-12-22.",HIGH (image only),HIGH
EVT_05,White Party Bangkok - Main Event,White Party Bangkok 2020,2019-12-30,"GMM Live House, CentralWorld (8th floor)",Bangkok,Thailand,0:00,3:00,3:00,Main Event doors 8:00 pm 30 Dec 2019; Offer Nissim 12:00am - close (whitepartybangkok.com),WhatsApp Image 2026-09-04 at 20.19.06 (1).jpeg,"Image: 'WHITE PARTY BANGKOK', 'OFFER NISSIM', '30.12.19', 'GMM Live House | Central World | Bangkok, Thailand', 'White Party Main Event'. EXTERNAL: whitepartybangkok.com/events/main-event/ - GMM Live House & Central Gallery @ Central World, December 30 2019, main stage 12:00am-close OFFER NISSIM; eventpop.me/e/6273 - festival 27-31 Dec 2019. Edition label 'White Party Bangkok 2020' (New Year festival) but calendar date is 2019-12-30; set ran 00:00-03:00 on 2019-12-31.",HIGH,HIGH
EVT_06,Offer Nissim Live Show - Prouder And Louder (Pride),Pride Tel Aviv 2021,2021-06-26,Ganei Yehoshua (Yarkon Park / Park Hayarkon),Tel Aviv,Israel,18:38,23:27,4:49,16:00-23:59 (Secret Tel Aviv listing),WhatsApp Image 2026-09-04 at 20.36.46.jpeg,"Image: 'PROUDER AND LOUDER', footer 'PRIDE TEL AVIV | 26.06.2021 | GANEI YEHOSHUA (YARKON PARK)'. EXTERNAL: Secret Tel Aviv (https://www.secrettelaviv.com/tickets/offer-nissim-live-show) Sat 26 June 2021 4:00 pm - 11:59 pm, Park Hayarkon, title 'Louder and Prouder'; RA event 1447577 Sat 26 Jun 2021. First large event after the cancelled Purim 2020.",HIGH,HIGH
EVT_07,Offer Nissim Purim T-Dance,Purim 2022,2022-03-19,Ganei Yehoshua (Park Hayarkon),Tel Aviv,Israel,18:51,23:47,4:56,15:00-23:30 (Secret Tel Aviv listing),WhatsApp Image 2026-09-04 at 20.36.47.jpeg,"Image header: 'Offer Nissim | PURIM T-DANCE | 19.3.22 Ganei Yehoshua | Set list'; background shows '19/03/2022 T DANCE PURIM GANEI YEHOSHUA (Park Hayarkon)'. EXTERNAL: Secret Tel Aviv (https://www.secrettelaviv.com/tickets/offer-nissim-t-dance-purim-7-3-2020-2) Sat 19 March 2022 3:00 pm - 11:30 pm, Gnei Yehoshua - Park Hayarkon.",HIGH,HIGH
EVT_08,Offer Nissim Pride Tel Aviv,Pride Tel Aviv 2022,2022-06-11,Ganei Yehoshua (Park Hayarkon),Tel Aviv,Israel,18:31,22:53,4:22,,WhatsApp Image 2026-09-04 at 20.36.47 (1).jpeg,"Image header: 'Offer Nissim | Pride Tel Aviv | 11.6.22 Ganei Yehoshua | Set list'. EXTERNAL: no listing found online for this night; date from image only. 11.6.2022 was a Saturday, the day after the Tel Aviv Pride parade (10.6.2022), matching the annual pattern.",HIGH (image only),HIGH
EVT_09,Offer Nissim Rosh Hashana White Party,Rosh Hashanah 2022 (5783),2022-09-26,Park Hayarkon,Tel Aviv,Israel,18:38,22:59,4:21,,WhatsApp Image 2026-09-04 at 20.36.47 (2).jpeg,"Image: 'OFFER NISSIM ROSH HASHANA WHITE PARTY PARK HAYARKON | 26.09.2022'. EXTERNAL: Secret Tel Aviv 'White Party - Offer Nissim - Rosh Hashana' (https://www.secrettelaviv.com/tickets/white-party-offer-nissim-rosh-hashana) - concert September 26 (Rosh Hashana) in Yarkon Park, dress code white.",HIGH,HIGH
EVT_10,Offer Nissim Hanukkah Concert,Hanukkah 2022,2022-12-24,"Expo Tel Aviv, Pavilion (Bitan) 1",Tel Aviv,Israel,20:31,01:41,5:10,18:00-23:45 (Secret Tel Aviv listing; 'from 18:00 into the night'),WhatsApp Image 2026-09-04 at 20.36.47 (3).jpeg,"Image header: 'Offer Nissim | 24.12.22 | Hannukah |Expo | Set List'. EXTERNAL: Secret Tel Aviv (https://www.secrettelaviv.com/tickets/offer-nissim-hanukkah-rave-expo-tlv) Sat 24 December 2022, Pavilion 1, Expo Tel Aviv, concert from 18:00. Set end 01:41 is on 2022-12-25.",HIGH,HIGH
EVT_11,Offer Nissim Purim Concert,Purim 2023,2023-03-11,"Expo Tel Aviv, Pavilion (Bitan) 2",Tel Aviv,Israel,20:32,01:31,4:59,18:00-23:45 (Secret Tel Aviv listing),WhatsApp Image 2026-09-04 at 20.36.47 (4).jpeg,"Image header: 'Offer Nissim | 11.03.23 | Purim |Expo | Set List'; background reads 'PURIM | 11.03 | EXPO TEL AVIV BITAN 2'. EXTERNAL: Secret Tel Aviv (https://www.secrettelaviv.com/tickets/offer-nissim-purim-expo-tlv) Sat 11 March 2023 6:00 pm - 11:45 pm, Pavilion 2 EXPO Tel Aviv; YouTube set video titled 'Purim | 11.03.2023 | Bitan 2 EXPO'. Set end 01:31 is on 2023-03-12.",HIGH,HIGH
EVT_12,Offer Nissim Pride Tel Aviv - This Is Pride,Pride Tel Aviv 2023,2023-06-10,Park Hayarkon,Tel Aviv,Israel,18:44,23:00,4:16,,WhatsApp Image 2026-09-04 at 20.36.48.jpeg,"Image header: 'Offer Nissim | 10.06.23 | Tel Aviv Pride |Park Hayarkon | Set List'; background 'THIS IS PRIDE', side text '10.06.2023'. EXTERNAL: Secret Tel Aviv (https://www.secrettelaviv.com/tickets/offer-nissim-pride-tel-aviv-2023-park-hayarkon) - June 10 in Yarkon Park 'from the afternoon until the night, under the sky'.",HIGH,HIGH
EVT_13,NYC Pride XXL - Main Event (Nissim & Cox),NYC Pride 2023,2023-06-24,"Terminal 5, 610 West 56th Street",New York,USA,02:38,06:00,3:22,10 pm - 6 am (Masterbeat / Leap listing),WhatsApp Image 2026-09-04 at 20.36.48 (1).jpeg,"Image header: 'Offer Nissim | 24.06.23 | NYC Pride | Terminal 5| Set List'; times on image: 02:30 = Deborah Cox opening act (track 0), 02:38 = Offer Nissim set start, 06:00 = end. Set therefore ran in the early hours of 2023-06-25 (party night of Saturday 24 June). EXTERNAL: Masterbeat (https://masterbeat.com/nyc-pride-xxl/) and Leap (https://events.leapevents.com/event/nyc-pride-xxl-2023): Pride XXL Main Event Saturday June 24, 10 pm - 6 am, Offer Nissim & Deborah Cox, Terminal 5; PRNewswire 2023-06-22. Track 0 (Deborah Cox opening act medley) is included in tracks.csv per archive owner's instruction, flagged as opening act.",HIGH,HIGH
EVT_14,Offer Nissim Sukkot Concert,Sukkot 2023,2023-09-30,Park Hayarkon,Tel Aviv,Israel,18:31,22:54,4:23,,WhatsApp Image 2026-09-04 at 20.41.01.jpeg,Image header: 'Offer Nissim | 30.09.23 | Sukkot |Park Hayarkon | Set List'. EXTERNAL: no listing found online; date from image only. 30.09.2023 was a Saturday during Sukkot (29.9-6.10.2023) - consistent.,HIGH (image only),HIGH
EVT_15,Offer Nissim Pride Concert,Pride Tel Aviv 2024,2024-06-08,Park Hayarkon (Ganei Yehoshua),Tel Aviv,Israel,18:32,22:59,4:27,,WhatsApp Image 2026-09-04 at 20.41.01 (1).jpeg,Image header: 'Offer Nissim | 08.06.24 | Pride |Park Hayarkon | Set List' (yellow ribbon); background '08.06.2024 | PARK HAYARKON'. EXTERNAL: Secret Tel Aviv (https://www.secrettelaviv.com/tickets/offer-nissim-pride-concert-2024-park-hayarkon) - June 8 in HaYarkon Park. Tel Aviv's official parade was cancelled in 2024; this concert went ahead.,HIGH,HIGH
EVT_16,Offer Nissim Hanukkah Concert,Hanukkah 2024,2024-12-28,"Expo Tel Aviv, Pavilion (Bitan) 1",Tel Aviv,Israel,21:51,03:03,5:12,doors 19:30 (Secret Tel Aviv listing),WhatsApp Image 2026-09-04 at 20.41.01 (2).jpeg,"Image header: 'Offer Nissim | 28.12.24 | Hanukkah | Expo 1 | Set List'. EXTERNAL: Secret Tel Aviv (https://www.secrettelaviv.com/tickets/offer-nissim-hanukkah-2024-expo-tel-aviv) opens 7:30 PM; Maariv 2024-12-10 (28 December, Ganei Hataarucha); mako 2024-12-22 (Motzei Shabbat, Bitan 1). Set end 03:03 is on 2024-12-29.",HIGH,HIGH
EVT_17,Offer Nissim Purim Concert,Purim 2025,2025-03-15,"Expo Tel Aviv, Pavilion (Bitan) 2",Tel Aviv,Israel,21:57,2:58,5:01,,WhatsApp Image 2026-09-04 at 20.41.01 (3).jpeg,"Image header: 'Offer Nissim | 15.03.25 | Purim | Expo 2 | Set List'; background 'PURIM | 15.03 | EXPO TEL AVIV'. EXTERNAL: Offer Nissim Facebook post 'PURIM | 15.03 | EXPO TEL AVIV'; ice.co.il 2025-03-16 report on the Saturday Purim concert at Expo (guests Rinat Bar, Yael Bar Zohar, Eden Golan, Static, Ilan Peled, Magi Azarzar - all appear in this set list). Set end 02:58 is on 2025-03-16.",HIGH,HIGH
EVT_18,Offer Nissim Pride Tel Aviv,Pride Tel Aviv 2025,2025-07-05,Park Hayarkon,Tel Aviv,Israel,18:46,22:59,4:13,,WhatsApp Image 2026-09-04 at 20.41.02.jpeg,Image header: 'Offer Nissim | 05.07.25 | Pride | Park Hayarkon | Set List' (yellow ribbon). EXTERNAL: Offer Nissim Facebook posts show the concert first announced for 14.06 and then 'PRIDE TEL-AVIV | 05.07 | PARK HAYARKON' (postponed after the June 2025 Iran war). Tel Aviv's official parade was cancelled in 2025.,HIGH,HIGH
EVT_19,Offer Nissim Hanukkah - Light Up The Night,Hanukkah 2025,2025-12-20,"Expo Tel Aviv, Pavilion (Bitan) 1",Tel Aviv,Israel,21:47,2:55,5:08,,WhatsApp Image 2026-09-04 at 20.41.02 (1).jpeg,Image header: 'Offer Nissim | 20.12.25 | Hanukkah | Expo 1 | Set List'; footer 'Recorded by @eladdon Edited by @idoaver'. EXTERNAL: Offer Nissim Facebook post 'Light Up The Night Hanukkah 20.12.25 Expo Tel Aviv'; mako 2026-02-18 mentions Dec 2025 Hanukkah party filling Bitan 1 with Yuval Raphael performing (track 10 here). Set end 02:55 is on 2025-12-21.,HIGH,HIGH
EVT_20,Offer Nissim Pride Concert,Pride Tel Aviv 2026,2026-06-13,Park Hayarkon (Ganei Yehoshua),Tel Aviv,Israel,18:34,22:46,4:12,from 16:00 (Secret Tel Aviv listing),WhatsApp Image 2026-09-04 at 20.41.02 (2).jpeg,"Image header: 'Offer Nissim | 13.06.26 | Pride | Park Hayarkon | Set List'. EXTERNAL: Secret Tel Aviv (https://www.secrettelaviv.com/tickets/offer-nissim-pride-2026-park-hayarkon) - Saturday June 13th, Park HaYarkon from 4 PM; tickets from the cancelled Purim 2026 (28.2.26 Expo) event were carried over.",HIGH,HIGH
EVT_21,Offer Nissim - Sukkot 2026,Sukkot 2026,2026-09-26,"Expo Tel Aviv, Pavilion (Bitan) 1",Tel Aviv,Israel,22:02,02:57,4:55,from 19:30 (Secret Tel Aviv listing),sukkot_2026.jpg,"Image header: 'Offer Nissim | 26.09.26 | Sukkot | Expo TLV | Set List'. Credits on image: Tracklist by @offra_before_offra, Stories by @tal_huga, Compiled by @idoaver. EXTERNAL: Secret Tel Aviv 'Sukkot in Tel Aviv 2026' lists Offer Nissim - Sukkot 2026, Sat 26.9.2026, Expo Tel Aviv, 7:30pm. Bitan 1 confirmed by archive owner 27.09.2026. Set end 02:57 is on 2026-09-27.",HIGH,HIGH
