event_id,part,url,platform,uploader,confidence,notes,approved
purim_2019,1,https://www.facebook.com/OfficialOfferNissim/videos/383708148881316/,Facebook,Offer Nissim (official),LOW,Likely removed (archive owner: old Facebook lives were taken down). Title: T DANCE PURIM 23.03.19. Could not open Facebook to check length/content,
pride_tel_aviv_2019,1,https://www.facebook.com/OfficialOfferNissim/videos/2313152968899238/,Facebook,Offer Nissim (official),LOW,Likely removed (archive owner: old Facebook lives were taken down). Title: Offer Nissim live concert | Gay Pride Tel Aviv 2019. Not opened,
rosh_hashana_2019,1,https://www.facebook.com/OfficialOfferNissim/videos/394313571217635/,Facebook,Offer Nissim (official),LOW,"Likely removed (archive owner: old Facebook lives were taken down). Title: EXPO TLV LIVE Concert 30.9.19 Rosh Hashanah, lists God Control (track 1). Not opened",
hanukkah_2019,,,,,,NOT FOUND,
white_party_bangkok_2020,1,https://www.youtube.com/watch?v=y2fQvy7GH-8,YouTube,LGBTQIA+ Entertainment,MEDIUM,SAVED FOR LATER - Title: White Party Bangkok 2020 | Main Event: Offer Nissim. Length unknown,
white_party_bangkok_2020,,https://www.youtube.com/watch?v=RXFY3xwuJOk,YouTube,unknown,LOW,"SAVED FOR LATER - Title: OFFER NISSIM - WHITE PARTY BANGKOK 2020 - MAIN EVENT. Video info unavailable, may be removed/private",
white_party_bangkok_2020,,https://soundcloud.com/ido-averbuch/sets/offer-nissim-white-party,SoundCloud,Ido Averbuch Zehavi,HIGH,SAVED FOR LATER - Your own playlist: Full Set,
pride_tel_aviv_2021,,https://www.youtube.com/watch?v=zHistT-HGsE,YouTube,Offer Nissim Official,HIGH,"Single video, full set per archive owner",yes
purim_2022,1,https://www.youtube.com/watch?v=b3v6bdRtUVg,YouTube,Offer Nissim Official,HIGH,PURIM 2022 at Hayarkon Park - 1,yes
purim_2022,2,https://www.youtube.com/watch?v=7KaPaIYeLrc,YouTube,Offer Nissim Official,HIGH,,yes
purim_2022,3,https://www.youtube.com/watch?v=aZX-hrukdO8,YouTube,Offer Nissim Official,HIGH,,yes
purim_2022,4,https://www.youtube.com/watch?v=_M0clJDaeHU,YouTube,Offer Nissim Official,HIGH,,yes
pride_tel_aviv_2022,1,https://www.youtube.com/watch?v=u1fyKyrd7gw,YouTube,Offer Nissim Official,HIGH,Offer Nissim - Pride 2022; confirmed as part 1 by archive owner,yes
pride_tel_aviv_2022,2,https://www.youtube.com/watch?v=Oox2bcNr2aM,YouTube,Offer Nissim Official,HIGH,Link provided by archive owner,yes
pride_tel_aviv_2022,3,https://www.youtube.com/watch?v=MOrUW2B243g,YouTube,Offer Nissim Official,HIGH,Link provided by archive owner,yes
rosh_hashana_2022,1,https://www.youtube.com/watch?v=Sns6WDsbAf8,YouTube,Offer Nissim Official,HIGH,White Party Rosh Hashana at Park Hayarkon,yes
rosh_hashana_2022,2,https://www.youtube.com/watch?v=K0WpAoRHbMY,YouTube,Offer Nissim Official,HIGH,Link provided by archive owner,yes
rosh_hashana_2022,3,https://www.youtube.com/watch?v=qxNlR906qdY,YouTube,Offer Nissim Official,HIGH,Link provided by archive owner,yes
rosh_hashana_2022,4,https://www.youtube.com/watch?v=6mgEhgkjRrw,YouTube,Offer Nissim Official,HIGH,,yes
rosh_hashana_2022,,https://www.facebook.com/OfficialOfferNissim/videos/1138623487034205/,Facebook,Offer Nissim (official),LOW,"Likely removed (archive owner: old Facebook lives were taken down). WE ARE GOING LIVE - White Party Rosh Hashana, opens with Finally Enough Love (track 1)",
hanukkah_2022,,https://www.facebook.com/OfficialOfferNissim/videos/5639048546212384/,Facebook,Offer Nissim (official),LOW,"Likely removed (archive owner: old Facebook lives were taken down). Hanukkah concert, lists Entourage + Dynasty Season (tracks 35-36)",
hanukkah_2022,1,https://www.youtube.com/watch?v=JZm-_jDFrb0,YouTube,Offer Nissim Official,HIGH,Part order confirmed by archive owner,yes
hanukkah_2022,2,https://www.youtube.com/watch?v=3W7_LB4jbqk,YouTube,Offer Nissim Official,HIGH,Part order confirmed by archive owner,yes
hanukkah_2022,3,https://www.youtube.com/watch?v=poDJ6BCSMvY,YouTube,Offer Nissim Official,HIGH,Part order confirmed by archive owner,yes
purim_2023,1,https://www.youtube.com/watch?v=owB_hKYpqXc,YouTube,Offer Nissim Official,HIGH,Purim | 11.03.2023 | Bitan 2 EXPO,yes
purim_2023,2,https://www.youtube.com/watch?v=CM6ANtc7JYE,YouTube,Offer Nissim Official,HIGH,,yes
purim_2023,3,https://www.youtube.com/watch?v=iiaySpWdCAU,YouTube,Offer Nissim Official,HIGH,Link provided by archive owner,yes
purim_2023,4,https://www.youtube.com/watch?v=yla9RApQCBE,YouTube,Offer Nissim Official,HIGH,,yes
pride_tel_aviv_2023,1,https://www.youtube.com/watch?v=IiI9Qlpph04,YouTube,Offer Nissim Official,HIGH,Pride 2023 Tel Aviv,yes
pride_tel_aviv_2023,2,https://www.youtube.com/watch?v=4m5-Nc6ubxY,YouTube,Offer Nissim Official,HIGH,,yes
nyc_pride_2023,,https://www.youtube.com/watch?v=BH0ZYY8RFvA,YouTube,unknown,MEDIUM,SAVED FOR LATER - clip only: Opening Pride NYC 2023 - Dont Know What To Do (track 1),
nyc_pride_2023,,https://www.youtube.com/watch?v=FTuTYrYkwVc,YouTube,unknown,MEDIUM,SAVED FOR LATER - clip only: Get What I Want - Pride 2023 NYC (track 7),
nyc_pride_2023,,https://soundcloud.com/etai-markowski-269368782/offer-nissim-pride-2023-full-set-list,SoundCloud,Etai Markowski,LOW,SAVED FOR LATER - Pride 2023 Full Set List; unclear if NYC or Tel Aviv,
sukkot_2023,1,https://www.youtube.com/watch?v=XkgajzORVS0,YouTube,Offer Nissim Official,HIGH,live in TLV Sukkot Party,yes
sukkot_2023,2,https://www.youtube.com/watch?v=YvagCwbuyGI,YouTube,Offer Nissim Official,HIGH,,yes
sukkot_2023,3,https://www.youtube.com/watch?v=q0clYnTz4_I,YouTube,Offer Nissim Official,HIGH,,yes
pride_tel_aviv_2024,1,https://www.youtube.com/watch?v=jqjg9pNAIAk,YouTube,Offer Nissim Official,HIGH,,yes
pride_tel_aviv_2024,2,https://www.youtube.com/watch?v=IjFE_DsrtIU,YouTube,Offer Nissim Official,HIGH,,yes
pride_tel_aviv_2024,3,https://www.youtube.com/watch?v=Js51HLSOPgg,YouTube,Offer Nissim Official,HIGH,,yes
hanukkah_2024,1,https://www.youtube.com/watch?v=vRxtbRhAKZk,YouTube,Offer Nissim Official,HIGH,Follow The Light = Hanukkah 2024 name (per setlist titles on SoundCloud),yes
hanukkah_2024,2,https://www.youtube.com/watch?v=ESECA6O4Bhg,YouTube,Offer Nissim Official,HIGH,,yes
hanukkah_2024,3,https://www.youtube.com/watch?v=fgAbs3Gx_II,YouTube,Offer Nissim Official,HIGH,,yes
hanukkah_2024,4,https://www.youtube.com/watch?v=YAuiLaNipDA,YouTube,Offer Nissim Official,HIGH,Part 4 - confirmed by archive owner,yes
purim_2025,1,https://www.youtube.com/watch?v=XSTUOVJGunw,YouTube,Offer Nissim Official,HIGH,Welcome To The Cabaret = Purim 2025,yes
purim_2025,2,https://www.youtube.com/watch?v=kNL8tbJckzI,YouTube,unknown,HIGH,,yes
purim_2025,3,https://www.youtube.com/watch?v=Mg8IHNqgtl0,YouTube,Offer Nissim Official,HIGH,,yes
purim_2025,4,https://www.youtube.com/watch?v=IOcfShbT2e0,YouTube,unknown,HIGH,,yes
pride_tel_aviv_2025,1,https://www.youtube.com/watch?v=MWsNrVGNFsY,YouTube,Offer Nissim Official,HIGH,,yes
pride_tel_aviv_2025,2,https://www.youtube.com/watch?v=KM4_MOOOFPY,YouTube,Offer Nissim Official,HIGH,,yes
pride_tel_aviv_2025,3,https://www.youtube.com/watch?v=9T-MxKPsobU,YouTube,Offer Nissim Official,HIGH,,yes
pride_tel_aviv_2025,4,https://www.youtube.com/watch?v=o2obIU7UI8k,YouTube,Offer Nissim Official,HIGH,,yes
hanukkah_2025,1,https://www.youtube.com/watch?v=zCevULtoOcU,YouTube,Offer Nissim Official,HIGH,Light Up The Night 20.12.25,yes
hanukkah_2025,2,https://www.youtube.com/watch?v=GDtuFOvv9iQ,YouTube,Offer Nissim Official,HIGH,Link provided by archive owner,yes
hanukkah_2025,3,https://www.youtube.com/watch?v=GVwgGDFHKZ4,YouTube,Offer Nissim Official,HIGH,,yes
hanukkah_2025,4,https://www.youtube.com/watch?v=v4CKRDsT2gQ,YouTube,Offer Nissim Official,HIGH,,yes
pride_tel_aviv_2026,1,https://www.youtube.com/watch?v=UWvjM74SBTc,YouTube,Offer Nissim Official,HIGH,,yes
pride_tel_aviv_2026,2,https://www.youtube.com/watch?v=fM7dIyQ3HuQ,YouTube,Offer Nissim Official,HIGH,,yes
pride_tel_aviv_2026,3,https://www.youtube.com/watch?v=caXdTgRBaa8,YouTube,Offer Nissim Official,HIGH,,yes
sukkot_2026,1,https://www.youtube.com/watch?v=cEjvvu_swG8,YouTube,Offer Nissim Official,HIGH,SUKKOT CELEBRATION_Part 1; link provided by archive owner,yes
sukkot_2026,2,https://www.youtube.com/watch?v=ClhE_mf-bYg,YouTube,Offer Nissim Official,HIGH,SUKKOT CELEBRATION_Part 2; link provided by archive owner,yes
sukkot_2026,3,https://www.youtube.com/watch?v=ig_17wL4Gis,YouTube,Offer Nissim Official,HIGH,SUKKOT CELEBRATION_Part 3; link provided by archive owner,yes
sukkot_2026,4,https://www.youtube.com/watch?v=Hb_KVoVpblg,YouTube,Offer Nissim Official,HIGH,Maya Simantov - Searching (Live performance); shown as part 4 per archive owner; link provided by archive owner,yes
