canonical_song_id,artist,title,plays,platform,url,youtube_title,confidence,notes,soundcloud_alternative,approved
SONG_0045,Offer Nissim,Completely Yourself,21,YouTube,https://www.youtube.com/watch?v=qcFAediLy5I,Offer Nissim - Completely Yourself (Official Video Clip),HIGH,Official video clip,,yes
SONG_0032,Offer Nissim Feat. Maya Simantov,Everybody Needs A Man,19,YouTube,https://www.youtube.com/watch?v=eq_vflJkBzc,Offer Nissim feat Maya Simantov Everybody Needs A Man,MEDIUM,Original version (old upload); the channel also has 9 remixes by other DJs,https://soundcloud.com/offer-nissim/offer-nissim-feat-maya-5  (Everybody Needs A Man (Club Mix) - official Offer Nissim version),yes
SONG_0040,Offer Nissim Feat. Maya Simantov,Let Me Live,16,YouTube,https://www.youtube.com/watch?v=lxwjzZWI00U,Offer Nissim Feat. Maya Simantov - Let Me Live (Original Mix),HIGH,Original Mix,,yes
SONG_0142,Offer Nissim Feat. Maya Simantov,Like There Is No Tomorrow,13,SoundCloud,https://soundcloud.com/offer-nissim/offer-nissim-feat-maya-simantov-like-there-is-no-tomorrow-club-mix,Offer Nissim Feat. Maya Simantov - Like There Is No Tomorrow - Club Mix,MEDIUM,Club Mix (3 of 13 plays were the Club Mix),,yes
SONG_0034,Offer Nissim Feat. Ania Bukstein,Rokedet,12,SoundCloud,https://soundcloud.com/offer-nissim/offer-nissim-feat-ania-bukstein-rokedet-club-version,Offer Nissim Feat. Ania Bukstein - ROKEDET (Intro Club Version),MEDIUM,Intro Club Version,,yes
SONG_0006,Offer Nissim Feat. Riki Ben-Ari,Dance The Night,11,YouTube,https://www.youtube.com/watch?v=08fh7J3XiPM,Offer Nissim Feat. Riki Ben Ari - Dance The Night,HIGH,,,yes
SONG_0033,Offer Nissim Feat. Maya Simantov,I'm In Love,11,YouTube,https://www.youtube.com/watch?v=sATRjC5DCBk,Offer Nissim i'm in love,HIGH,"Old upload, short title",,yes
SONG_0120,Offer Nissim,Lost In Music,10,YouTube,https://www.youtube.com/watch?v=OZLvHm-E5M8,Offer Nissim - Lost In Music,HIGH,,,yes
SONG_0027,Offer Nissim Feat. Eyal Golan,Lo Mevina Ivrit,10,SoundCloud,https://soundcloud.com/offer-nissim/offer-nissim-feat-eyal-golan-lo-mevina-ivrit,Offer Nissim Feat. Eyal Golan - Lo Mevina Ivrit,HIGH,,,yes
SONG_0001,Offer Nissim,Crazy Things At Night,9,YouTube,https://www.youtube.com/watch?v=ccNnMicBbvM,Offer Nissim - Crazy Things At Night,HIGH,,,yes
SONG_0064,Offer Nissim Presents The Bitches,Ain't No Mountain,9,YouTube,https://www.youtube.com/watch?v=H1UOxXo9SR0,Offer Nissim Present: The Bitches - Ain't No Mountain,HIGH,,,yes
SONG_0149,Offer Nissim Feat. Robin S.,Show Me Love,9,YouTube,https://www.youtube.com/watch?v=SkDnFwXqKLc,Offer Nissim Feat Robin S - Show Me Love,HIGH,Some plays were the Pride / Remix versions,,yes
SONG_0190,Offer Nissim,I Want Muscles,9,YouTube,https://www.youtube.com/watch?v=er1wwehFne8,Offer Nissim - I Want Muscles,HIGH,,,yes
SONG_0023,Offer Nissim,Another Cha Cha,9,SoundCloud,https://soundcloud.com/offer-nissim/cha-cha-cha-peter-rauhofer-nyc,Cha Cha Cha (Peter Rauhofer NYC Edit),HIGH,Switched to SoundCloud (exact version) by archive owner; YouTube alt: https://www.youtube.com/watch?v=w9Y6BbQyoiI,https://soundcloud.com/offer-nissim/cha-cha-cha-peter-rauhofer-nyc  (Cha Cha Cha (Peter Rauhofer NYC Edit) - exact version played),yes
SONG_0002,Offer Nissim,Esther,8,YouTube,https://www.youtube.com/watch?v=wYefH3wjZrI,Offer Nissim - Esther,HIGH,,,yes
SONG_0083,Deborah Cox,Easy As Life,8,YouTube,https://www.youtube.com/watch?v=F3p6hKsid0Q,Deborah Cox Easy As Life,MEDIUM,"Old upload ""Deborah Cox Easy As Life""; played as Remix / Show Mix",,
SONG_0119,Offer Nissim Feat. Riki Ben-Ari,Light My Fire,8,YouTube,https://www.youtube.com/watch?v=1x6XZGzoq98,Offer Nissim Feat. Riki Ben-Ari -  Light My Fire - Intro,MEDIUM,Video is the Intro version,,
SONG_0122,Madonna,I Don't Search I Find,8,YouTube,https://www.youtube.com/watch?v=U28M9qslp_0,Madonna - I Don’t Search I Find (Offer Nissim Remix),HIGH,Offer Nissim Remix (the channel also has a separate Requiem Remix),,yes
SONG_0069,Michelle Obama All-Star Girl Power Anthem,This Is For My Girls,8,SoundCloud,https://soundcloud.com/offer-nissim/this-is-for-my-girls-offer-nissim-remix,This Is For My Girls (Offer Nissim Remix),HIGH,,,
SONG_0042,Offer Nissim Feat. Maya Simantov,Tel Aviv,7,YouTube,https://www.youtube.com/watch?v=vtqR9PruNJY,Maya Simantov Tel Aviv,MEDIUM,"Uploaded as ""Maya Simantov Tel Aviv""",,
SONG_0055,Anita Meyer,Why Tell Me Why,7,YouTube,https://www.youtube.com/watch?v=FwUfVNDMyNs,Anita Meyer Why Tell Me Why,MEDIUM,"Old upload, version not stated",https://soundcloud.com/offer-nissim/anita-mayer-why-tell-me-why  (Anita Mayer - Why Tell Me Why (Offer Nissim Remix) - exact version),
SONG_0140,Offer Nissim Feat. Epiphony,Out Of My Skin,7,YouTube,https://www.youtube.com/watch?v=DK2GeiwPatA,Offer Nissim Feat Epiphony Out of my skin,HIGH,,,yes
SONG_0146,Offer Nissim,Bombay,7,YouTube,https://www.youtube.com/watch?v=nWAQ4yVlvKY,Offer Nissim - Bombay,HIGH,,,yes
SONG_0188,Offer Nissim,Get What I Want,7,YouTube,https://www.youtube.com/watch?v=PX26Ywb6fgk,Offer Nissim - Get What I Want,HIGH,,,yes
SONG_0263,Offer Nissim,How Deep Is Your Love,7,YouTube,https://www.youtube.com/watch?v=THKaCaqkHns,Offer Nissim - How Deep Is Your Love,HIGH,,,yes
SONG_0087,Aretha Franklin,Rolling In The Deep,7,SoundCloud,https://soundcloud.com/offer-nissim/aretha-franklin-rolling-in-the-deep-offer-nissim-remix,Aretha Franklin - Rolling In The Deep - Offer Nissim Remix,HIGH,,,
SONG_0048,Offer Nissim Feat. Dana International,We Can Make It,6,YouTube,https://www.youtube.com/watch?v=YHY4YYSvMns,Offer Nissim Feat Dana International - We Can Make It (Intro Club Version),LOW,"Only ""Intro Club Version"" and remixes by other DJs on the channel",https://soundcloud.com/offer-nissim/offer-nissim-feat-dana-international-we-can-make-it-club-mix  (We Can Make It (Club Mix) - YouTube had only the Intro Club Version),
SONG_0144,Offer Nissim Feat. Deborah Cox,Summer Of Love,6,YouTube,https://www.youtube.com/watch?v=diajxjqcDTs,Offer Nissim Feat. Deborah Cox - Summer Of Love,HIGH,,,yes
SONG_0145,Mr. Black & Offer Nissim,Mucho Bien,6,YouTube,https://www.youtube.com/watch?v=UA71tjX-JEE,MR.BLACK & Offer Nissim - Mucho Bien -  Reconstruction Mix,HIGH,,,yes
SONG_0153,Offer Nissim Feat. Maya Simantov,First Time,6,YouTube,https://www.youtube.com/watch?v=vHUjGKOxn_U,Offer Nissim First Time,MEDIUM,Plain version; the channel also has the Eliran Halevy X Melodic Remix,,
SONG_0262,Offer Nissim,Toro,6,YouTube,https://www.youtube.com/watch?v=LuEgpyxftng,Offer Nissim - Toro,HIGH,,,yes
SONG_0201,Ran Danker,Malkat Harahava,6,YouTube,https://www.youtube.com/watch?v=8Oo9x329ECo,רן דנקר - מלכת הרחבה // Offer Nissim Show Mix,HIGH,Show Mix,,yes
SONG_0072,Offer Nissim Feat. Maya Simantov,Wish You Were Here,6,YouTube,https://www.youtube.com/watch?v=ryHDLHenA9s,Offer Nissim wish u were here,MEDIUM,"Old upload ""Offer Nissim wish u were here""",https://soundcloud.com/offer-nissim/wish-you-were-here-original-2  (Wish You Were Here (Original Mix)),
SONG_0019,Offer Nissim Feat. Ivana Lola,Kriminal Eye,6,SoundCloud,https://soundcloud.com/offer-nissim/offer-nissim-feat-ivana-lola-criminal-eye,Offer Nissim Feat. Ivana Lola - Kriminal Eye,HIGH,,,
SONG_0089,Anggun,The Good Is Back,6,SoundCloud,https://soundcloud.com/offer-nissim/anggun-the-good-is-back-offer-nissim-remix,Anggun - The Good Is Back - Offer Nissim Remix,HIGH,,,
SONG_0041,Offer Nissim Feat. Maya Simantov,Perfect Love,6,SoundCloud,https://soundcloud.com/offer-nissim/perfect-love-full-vocal-mix,Perfect Love (Full Vocal Mix) [feat. Maya],HIGH,Full Vocal Mix (as played at Sukkot 2026),,
SONG_0003,Offer Nissim,Ahasuerus,5,YouTube,https://www.youtube.com/watch?v=EHAhc_XR_Og,Offer Nissim - Ahasuerus,HIGH,,,yes
SONG_0010,Offer Nissim Feat. Gila Goldstein,Feel It,5,YouTube,https://www.youtube.com/watch?v=y38iVGigBes,Offer Nissim Feat. Gila Goldstein - Feel It,HIGH,,,yes
SONG_0081,Offer Nissim Feat. Betty,Poison (Ra'al),5,YouTube,https://www.youtube.com/watch?v=8zymXoSsXno,Offer Nissim Feat Betty Poison,HIGH,"Old upload ""Offer Nissim Feat Betty Poison""",,yes
SONG_0107,Offer Nissim Feat. Maya Simantov,Searching,5,YouTube,https://www.youtube.com/watch?v=veNhjTH5KN8,Offer Nissim Searching,HIGH,Studio version; a live Sukkot 2026 version also exists (Hb_KVoVpblg),,yes
SONG_0167,Offer Nissim Feat. Eyal Golan,Eshal,5,YouTube,https://www.youtube.com/watch?v=CaDCHBzdFLE,Offer Nissim Feat. Eyal Golan - ESHAL - Show Mix From Bloomfield Stadium TLV אייל גולן ועופר ניסים,MEDIUM,Show Mix from Bloomfield Stadium,,
SONG_0172,Offer Nissim Feat. Maya Simantov,Alone,5,YouTube,https://www.youtube.com/watch?v=NZy9Psx0lMY,Offer Nissim Alone,HIGH,,,yes
SONG_0284,Offer Nissim,Rose,5,YouTube,https://www.youtube.com/watch?v=RvqE_wZ5TZk,Offer Nissim - Rose,HIGH,,,yes
SONG_0170,Aviv Geffen & Ella-Lee,Varod Mavrik,5,YouTube,https://www.youtube.com/watch?v=P_ah55EcegY,אביב גפן & אלה לי - ורוד מבריק // Offer Nissim Remix,HIGH,,,yes
SONG_0180,Deborah Cox,Everybody Dance,5,YouTube,https://www.youtube.com/watch?v=lqpv5UBzwnA,Offer Nissim everybody dance,MEDIUM,"Old upload ""Offer Nissim everybody dance""",,
SONG_0115,Offer Nissim,Movement - Let The Music Play | Shannon,5,SoundCloud,https://soundcloud.com/offer-nissim/offer-nissim-movement-let-the-music-play-shannon,Offer Nissim - Movement - Let The Music Play | Shannon,HIGH,,,
SONG_0005,Lara Fabian,Growing Wings,5,SoundCloud,https://soundcloud.com/offer-nissim/lara-fabian-growing-wings-offer-nissim-remix,Lara Fabian - Growing Wings Offer Nissim Remix,HIGH,,,
SONG_0014,Offer Nissim Feat. The Tricksters (Yael Poliakov And Ilan Peled),Sing From Your Pussy,4,YouTube,https://www.youtube.com/watch?v=J_cTiUgen8s,Offer Nissim Feat Yael Poliakov And Ilan Peled - Sing From Your Pussy - The Tricksters,HIGH,,,yes
SONG_0030,Vali,Pluto,4,YouTube,https://www.youtube.com/watch?v=_KU3j3QVIqY,Vali - Pluto - Offer Nissim Remix,HIGH,,,yes
SONG_0035,Offer Nissim,Set My Mind Free,4,YouTube,https://www.youtube.com/watch?v=PYnN_fP59C0,Offer Nissim - Set My Mind Free,HIGH,,,yes
SONG_0063,Offer Nissim Feat. Meital De Razon,My Pride,4,YouTube,https://www.youtube.com/watch?v=v0FzKlJW__o,Offer Nissim Ft. Meital De Razon My Pride,HIGH,,,yes
SONG_0077,Offer Nissim,Africa,4,YouTube,https://www.youtube.com/watch?v=34ueXTXD6qQ,Offer Nissim - Africa,HIGH,,,yes
SONG_0078,Offer Nissim,Osa Osa,4,YouTube,https://www.youtube.com/watch?v=AbcrAoWGxLk,Offer Nissim Osa Osa,HIGH,,,yes
SONG_0129,Offer Nissim,Bimbo,4,YouTube,https://www.youtube.com/watch?v=eZ7rsgZscVc,Offer Nissim Bimbo,HIGH,,,yes
SONG_0130,Offer Nissim Feat. Maya Simantov,Miracle,4,YouTube,https://www.youtube.com/watch?v=IgIwBlN_Pdg,Offer Nissim Feat Maya Simantov - Miracle Part B,HIGH,Part B (most plays were Part B),,yes
SONG_0147,Offer Nissim,La Talya,4,YouTube,https://www.youtube.com/watch?v=7P_0XHJ7JJY,Offer Nissim - La Talya,HIGH,,,yes
SONG_0275,Offer Nissim,Saturday Night,4,YouTube,https://www.youtube.com/watch?v=i7XTPkvtpZc,Offer Nissim - Saturday Night,HIGH,,,yes
SONG_0276,Offer Nissim & 2050,Reach Out,4,YouTube,https://www.youtube.com/watch?v=tl8Z9PJUrTM,Offer Nissim & 2050 - Reach Out,HIGH,,,yes
SONG_0305,Offer Nissim Feat. Magi Azarzar,Titragel Ita,4,YouTube,https://www.youtube.com/watch?v=_cy4L5SLkO8,Offer Nissim Feat. Magi Azarzar - TITRAGEL EITA |  עופר ניסים ומגי אזרזר - תתרגל איתה,HIGH,,,yes
SONG_0029,Vali,Ain't No Friend Of Mine,4,SoundCloud,https://soundcloud.com/offer-nissim/vali-aint-no-friend-of-mine-offer-nissim-remix,Vali - Ain't No Friend Of Mine Offer Nissim Remix,HIGH,,,
SONG_0026,Rita,Beegharar,4,SoundCloud,https://soundcloud.com/offer-nissim/bigharar-offer-nissim-extended,Rita - Bigharar (Offer Nissim Extended Remix),HIGH,,,
SONG_0004,Offer Nissim,Umpatampa,3,YouTube,https://www.youtube.com/watch?v=QcAVl2tUPoo,Offer Nissim - Umpatampa,HIGH,,,yes
SONG_0070,Offer Nissim Feat. Maya Simantov,Rainbow,3,YouTube,https://www.youtube.com/watch?v=0VOGxruvzWw,Offer Nissim Feat. Maya Simantov - Rainbow,HIGH,,,yes
SONG_0076,Offer Nissim Feat. Maya Simantov,Come Out,3,YouTube,https://www.youtube.com/watch?v=XF-ZSceBl9w,Offer Nissim Feat. Maya Simantov - Come Out,HIGH,,,yes
SONG_0082,Offer Nissim,A Relationship With A Man,3,YouTube,https://www.youtube.com/watch?v=HY-p86l_YUo,Offer Nissim - A Relationship With A Man,HIGH,,,yes
SONG_0105,Madonna,I Rise,3,YouTube,https://www.youtube.com/watch?v=olWxKcyFyYc,Madonna - I Rise | Offer Nissim remix,HIGH,,,yes
SONG_0124,Offer Nissim Feat. Maya Simantov,Happy People,3,YouTube,https://www.youtube.com/watch?v=vqFBEgulC1k,Offer Nissim happy people,HIGH,,,yes
SONG_0154,Offer Nissim Feat. Maya Simantov,Like A Woman,3,YouTube,https://www.youtube.com/watch?v=2mi8tcQTsc0,Offer Nissim Feat. Maya - Like A Woman,HIGH,,,yes
SONG_0181,Rita & ELK,Boom Boom Boom,3,YouTube,https://www.youtube.com/watch?v=WetSRmJqRM0,Rita & ELK DUENDE - Boom Boom Boom | Offer Nissim Show Mix,MEDIUM,Show Mix; most plays were the Remix,,
SONG_0195,Offer Nissim Feat. Symphony X,I Close My Eyes,3,YouTube,https://www.youtube.com/watch?v=IJ5mPw3HLe8,Offer Nissim I Close My Eyes,HIGH,,,yes
SONG_0209,Offer Nissim,Underground,3,YouTube,https://www.youtube.com/watch?v=yoqmW10M-SM,Offer Nissim - UNDERGROUND,HIGH,,,yes
SONG_0221,Offer Nissim,Welcome,3,YouTube,https://www.youtube.com/watch?v=nFg6LNiMsiI,Offer Nissim  - Welcome,HIGH,,,yes
SONG_0264,Offer Nissim,When I Come Alive,3,YouTube,https://www.youtube.com/watch?v=jJskR-0YQnY,Offer Nissim - When I Come Alive,HIGH,,,yes
SONG_0265,Offer Nissim,Can You Feel It,3,YouTube,https://www.youtube.com/watch?v=mLbR5SJDjEc,Offer Nissim - Can You Feel It,HIGH,,,yes
SONG_0283,Offer Nissim Feat. Maya Simantov,Hysterical,3,YouTube,https://www.youtube.com/watch?v=vPcnFp3Qyrw,Offer Nissim Feat.  Maya Simantov - Hysterical,HIGH,,,yes
SONG_0311,Offer Nissim,California Dreaming,3,YouTube,https://www.youtube.com/watch?v=sOLVaeax8_g,OFFER NISSIM - CALIFORNIA DREAMING,HIGH,,,yes
SONG_0315,Offer Nissim,XTC,3,YouTube,https://www.youtube.com/watch?v=miYDFNX7cJ0,OFFER NISSIM - XTC,HIGH,,,yes
SONG_0320,Rui Da Silva,Touch Me,3,YouTube,https://www.youtube.com/watch?v=SCwrPr95hlo,Rui Da Silva - Touch Me - Offer Nissim Remix,HIGH,,,yes
SONG_0323,Donna Summer,Sometimes Like Butterflies,3,YouTube,https://www.youtube.com/watch?v=sfaWBqePDdI,Donna Summer - Sometimes Like Butterflies - Offer Nissim Remix,HIGH,,,yes
SONG_0043,Offer Nissim Feat. Epiphony,Believe In Me,3,YouTube,https://www.youtube.com/watch?v=30dOGlPOnEo,Offer Nissim Feat Epiphony Believe,MEDIUM,"Old upload ""Offer Nissim Feat Epiphony Believe""",,
SONG_0271,Frank Sinatra,The World We Knew,3,YouTube,https://www.youtube.com/watch?v=3qnf_ZcBdbg,Frank Sinatra - The World We Know (Over And Over) - Offer Nissim Remix,HIGH,,,yes
SONG_0021,Offer Nissim Feat. Riki Ben-Ari,Fame,3,SoundCloud,https://soundcloud.com/offer-nissim/offer-nissim-feat-riki-ben-ari-fame,Offer Nissim Feat. Riki Ben-Ari - Fame,HIGH,,,
SONG_0097,Offer Nissim Feat. Maya Simantov,Lie,3,SoundCloud,https://soundcloud.com/offer-nissim/offer-nissim-feat-maya-simantov-lie,Offer Nissim Feat. Maya Simantov - Lie,HIGH,,,
SONG_0094,Offer Nissim,Theater Club,3,SoundCloud,https://soundcloud.com/offer-nissim/offer-nissim-theater-club,Offer Nissim - Theater Club,HIGH,,,
SONG_0013,Miri Mesika,Mefahed Allay'ich,3,SoundCloud,https://soundcloud.com/offer-nissim/miri-mesika-mefahed-allayich-offer-nissim-remix,Miri Mesika - Mefahed Allay'ich - Offer Nissim Remix,HIGH,,,
SONG_0121,Ivana Lola Feat. AC & GetFar,Don't You Hide (L.I.B.),3,SoundCloud,https://soundcloud.com/offer-nissim/ivana-lola-feat-ac-get-far-dont-you-hide-lib-offer-nissim-remix,Ivana Lola Feat. AC & GetFar - Don't You Hide (L.I.B.) Offer Nissim Remix,HIGH,,,
SONG_0052,Offer Nissim Presents Jimmy Fontana,El Mundo,3,SoundCloud,https://soundcloud.com/offer-nissim/offer-nissim-presents-jimmy-fontana-el-mundo,Offer Nissim Presents: Jimmy Fontana - El Mundo,HIGH,,,
SONG_0110,Offer Nissim Feat. Omri Mizrahi,Don't Stop The Dance,3,SoundCloud,https://soundcloud.com/offer-nissim/offer-nissim-feat-omri-mizrahi,Offer Nissim Feat Omri Mizrahi - Don't Stop The Dance,HIGH,,,
SONG_0099,Dana International,Petra,3,SoundCloud,https://soundcloud.com/offer-nissim/petra-offer-nissim-1,Petra (Offer Nissim Reconstruction),HIGH,,,
SONG_0015,Offer Nissim Feat. Ilan Peled,Mushi Mushi,2,YouTube,https://www.youtube.com/watch?v=CFM4vLSXUCw,Offer Nissim Feat. Ilan Peled -  Mushi Mushi,HIGH,,,yes
SONG_0071,Offer Nissim Feat. Zach Adam & Riki Ben-Ari,Born To Dance,2,YouTube,https://www.youtube.com/watch?v=p6ZSUoaosjI,Offer Nissim Feat. Zach Adam & Riki Ben-Ari - Born To Dance,HIGH,,,yes
SONG_0085,Offer Nissim X Ania Bukstein,Equality,2,YouTube,https://www.youtube.com/watch?v=1d65peE8o28,Offer Nissim X Ania Bukstein - Equality,HIGH,,,yes
SONG_0086,Offer Nissim Feat. Meital De Razon & Riki Ben-Ari,Better Man,2,YouTube,https://www.youtube.com/watch?v=B62I2pRnVWA,Offer Nissim Feat. Meital De Razon & Riki Ben Ari - Better Man,HIGH,,,yes
SONG_0139,Offer Nissim Feat. Maya Simantov,Hook Up,2,YouTube,https://www.youtube.com/watch?v=8sqftPfCau8,Maya Simantov Hook Up,MEDIUM,"Uploaded as ""Maya Simantov Hook Up""",https://soundcloud.com/offer-nissim/offer-nissim-feat-maya-hook-up  (Offer Nissim Feat Maya - Hook Up (Original Mix) - credited to Offer),
SONG_0141,U2,Love Is Bigger Than Anything In Its Way,2,YouTube,https://www.youtube.com/watch?v=vNZ0dSUppaQ,U2 - Love Is Bigger Than Anything In Its Way - Offer Nissim Remix,HIGH,,,yes
SONG_0193,Offer Nissim Feat. Maya Simantov,Cuando,2,YouTube,https://www.youtube.com/watch?v=dSR3zM1rP-U,Maya Simantov Cuando,MEDIUM,"Uploaded as ""Maya Simantov Cuando""",https://soundcloud.com/offer-nissim/offer-nissim-feat-maya-cuando  (Offer Nissim Feat. Maya - Cuando (Club Mix) - credited to Offer),
SONG_0205,Ivri Lider & Rita,Cinderella Rockefella,2,YouTube,https://www.youtube.com/watch?v=rsohFPHWGZk,Eivri Lider Cinderella Rockefella,MEDIUM,Old upload; version not stated,,
SONG_0208,Rita & ELK,Bailador,2,YouTube,https://www.youtube.com/watch?v=U70I9yS8KHM,Rita And ELK - BAILADOR | Offer Nissim Remix,HIGH,,,yes
SONG_0225,Offer Nissim Feat. Ilan Peled and Nasrin Kadri,Liberté,2,YouTube,https://www.youtube.com/watch?v=2DXiXA-bf2I,Offer Nissim X Nasrin Kadri & Ilan Peled - Liberté | נסרין x עופר ניסים,HIGH,,,yes
SONG_0231,Suzanne Palmer,Home,2,YouTube,https://www.youtube.com/watch?v=BlpRyBWVyQ0,Suzanne Palmer Home,MEDIUM,Old upload; version not stated,,
SONG_0255,Shoshana Damari,Adaa'in Kan,2,YouTube,https://www.youtube.com/watch?v=NYiGPcD9UKA,Soshana Damari Adaa'in Kan (Still Here!),MEDIUM,Old upload; version not stated,https://soundcloud.com/offer-nissim/shoshana-damari-adaain-kan  (Adaa'in Kan (Offer Nissim Remix) - exact version),
SONG_0285,Offer Nissim X Margol & Or Ben David,Pgisha,2,YouTube,https://www.youtube.com/watch?v=_bCjcl7DojY,Offer Nissim x Margol & Or Ben David - PGISHA - עופר ניסים מרגול ואור בן דוד - פגישה,HIGH,,,yes
SONG_0292,Offer Nissim Feat. Nikka,Never See Me Again,2,YouTube,https://www.youtube.com/watch?v=lJTU_wBWHIw,Offer Nissim Feat. Nikka - Never See Me Again,HIGH,,,yes
SONG_0299,Offer Nissim Feat. Maya Simantov,Superman,2,YouTube,https://www.youtube.com/watch?v=kmGbrmm7ojQ,Offer Nissim Feat. Maya Simantov & Frida Uziel - Superman Show Mix,MEDIUM,"Show Mix with Frida Uziel; the channel also has ""Maya Simantov Superman""",,
SONG_0300,Offer Nissim Feat. Yael Bar Zohar,Desert Star 2025,2,YouTube,https://www.youtube.com/watch?v=R3u3IaeWYdc,Offer Nissim Feat. Yael Bar Zohar - Desert Star 2025 | עופר ניסים ויעל בר זוהר - כוכב המדבר 2025,HIGH,,,yes
SONG_0324,Offer Nissim,Naked In The Rain,2,YouTube,https://www.youtube.com/watch?v=tDk1PWiHBi0,Offer Nissim - Naked In The Rain,HIGH,,,yes
SONG_0337,Offer Nissim,Midnight Summer Dream,2,YouTube,https://www.youtube.com/watch?v=Zw0bJKJxIcM,Offer Nissim - Midnight Summer Dream,HIGH,,,yes
SONG_0339,Offer Nissim X Meital De Razon,Now Come On,2,YouTube,https://www.youtube.com/watch?v=hj8xsR0STuQ,Offer Nissim X Meital De Razon - Now Come On,HIGH,,,yes
SONG_0340,Offer Nissim,Enjoy Your Life,2,YouTube,https://www.youtube.com/watch?v=ZlRqx26-oyA,Offer Nissim - Enjoy Your Life,HIGH,,,yes
SONG_0202,Offer Nissim Presents Amir Haddad,Désenchantée,2,YouTube,https://www.youtube.com/watch?v=6AIc0eAASN0,Offer Nissim X Amir - DÉSENCHANTÉE Show Mix,HIGH,Show Mix,,yes
SONG_0270,Offer Nissim X Ania Bukstein,Nesika,2,YouTube,https://www.youtube.com/watch?v=CtYUOQve86A,Offer Nissim X Ania Bukstein - NESHIKA - Show Mix,HIGH,Show Mix,,yes
SONG_0280,Suzanne Palmer,Eye Can See U,2,YouTube,https://www.youtube.com/watch?v=w5kM-pqPiHU,Offer Nissim eye can see u,HIGH,,,yes
SONG_0309,ABBA,Summer Night City,2,YouTube,https://www.youtube.com/watch?v=xONWxRddBhg,Offer Nissim Summer Night City,MEDIUM,Old upload; played as the 2025 remix,,
SONG_0100,Offer Nissim Presents Ilan Peled,C'est Coccinelle,2,YouTube,https://www.youtube.com/watch?v=D--FBhhbqJs,Offer Nissim Presents Ilan Peled - Ćest Coccinelle,HIGH,,,yes
SONG_0118,Chrissy Metz,I'm Standing With You,2,SoundCloud,https://soundcloud.com/offer-nissim/chrissy-metz-im-standing-with-you-offer-nissim-remix,Chrissy Metz - I'm Standing With You - Offer Nissim Remix,HIGH,,,
SONG_0114,Chava Alberstein,The Treasure,2,SoundCloud,https://soundcloud.com/offer-nissim/chava-alberstein-the-treasure-offer-nissim-remix-1,Chava Alberstein - The Treasure - Offer Nissim Remix,HIGH,,,
SONG_0065,Madonna X Maluma,Medellin,2,SoundCloud,https://soundcloud.com/offer-nissim/madonna-x-maluma-medellin-offer-nissim-madame-x-in-the-sphinx,Madonna X Maluma Medellín - Offer Nissim Madame X In The Sphinx,LOW,"SoundCloud has ""Madame X In The Sphinx"" remix; played version was the Set Me Free Remix",,
SONG_0067,Farid El Atrache,Banadi Aleik,2,SoundCloud,https://soundcloud.com/offer-nissim/faird-el-atrache-banadi-aaleki-offer-nissim-remix,Farid El Atrache - Banadi Aleik (Offer Nissim Remix) فريد الاطرش ينادي عليك,HIGH,,,
SONG_0024,Meital De Razon & Asi Tal,Toda La Noche,2,SoundCloud,https://soundcloud.com/offer-nissim/meital-de-razon-asi-tal-toda,Meital De Razon & Asi Tal - Toda La Noche (Offer Nissim & Asi Tal Remix),HIGH,,,
SONG_0224,Offer Nissim Feat. Epiphony,Mr Charming,2,SoundCloud,https://soundcloud.com/offer-nissim/offer-nissim-feat-epiphony-mr,Offer Nissim Feat. Epiphony - Mr Charming (Original Mix),HIGH,,,
SONG_0197,Offer Nissim Feat. Maya Simantov,Be My Boyfriend,2,SoundCloud,https://soundcloud.com/offer-nissim/be-my-boyfriend-offer-nissim,Be My Boyfriend (Offer Nissim Club Mix) [feat. Maya],HIGH,Offer Nissim Club Mix,,
SONG_0194,Offer Nissim Feat. Maya Simantov,For Your Love,2,SoundCloud,https://soundcloud.com/offer-nissim/for-your-love-original-mix,For Your Love (Original Mix),HIGH,Original Mix,,
SONG_0008,Offer Nissim Feat. Maya Simantov & Vanesa Klein,Breaking Away,1,YouTube,https://www.youtube.com/watch?v=KJln9E8XyIA,Offer Nissim Breaking Away Club Mix,MEDIUM,Club Mix,,
SONG_0039,Offer Nissim Feat. Maya Simantov,When We Met,1,YouTube,https://www.youtube.com/watch?v=tE2rhfqRPy4,Offer Nissim Feat. Maya Simantov - When We Met,HIGH,,,yes
SONG_0057,Offer Nissim,Barcelona,1,YouTube,https://www.youtube.com/watch?v=Gq52sMG-cxs,Offer Nissim Barcelona,HIGH,,,yes
SONG_0108,Offer Nissim Feat. Maya Simantov,Holding On,1,YouTube,https://www.youtube.com/watch?v=7KeFI32FnIY,Maya Simantov Holding On,MEDIUM,"Uploaded as ""Maya Simantov Holding On""",https://soundcloud.com/offer-nissim/offer-nissim-feat-maya-holding  (Offer Nissim Feat Maya - Holding On (Original Mix) - credited to Offer),
SONG_0109,Offer Nissim Presents Ofra Haza,Latet,1,YouTube,https://www.youtube.com/watch?v=AM899sxelXk,Offer Nissim Feat Ofra Haza Latet,MEDIUM,Played as Reconstruction Mix,https://soundcloud.com/offer-nissim/offer-nissim-presents-ofra  (Latet (Reconstruction Dub Mix) - closer to played Reconstruction Mix),
SONG_0162,Offer Nissim Feat. Maya Simantov,Illusion,1,YouTube,https://www.youtube.com/watch?v=kYfDflEMhyE,Maya Simantov Illusion,MEDIUM,"Uploaded as ""Maya Simantov Illusion""",https://soundcloud.com/offer-nissim/offer-nissim-feat-maya-3  (Offer Nissim Feat Maya - Illusion (Original Mix) - credited to Offer),
SONG_0178,Madonna,Turn Up The Radio,1,YouTube,https://www.youtube.com/watch?v=SBRBmdze_GA,Offer Nissim Turn up the Radio (Madonna) Encore,LOW,"Title ""Turn up the Radio (Madonna) Encore"" - unclear if same remix",,
SONG_0203,Offer Nissim Feat. Maya Simantov,You'll Never Know,1,YouTube,https://www.youtube.com/watch?v=qDPzPBHuM5s,Maya Simantov You'll Never Know,MEDIUM,"Uploaded as ""Maya Simantov You'll Never Know""",,
SONG_0218,Offer Nissim Feat. Maya Simantov,Anything,1,YouTube,https://www.youtube.com/watch?v=HGvebPyw9Bs,Offer Nissim Anything,HIGH,,,yes
SONG_0220,Offer Nissim Feat. Maya Simantov,Let God,1,YouTube,https://www.youtube.com/watch?v=kDhQboH3z6g,Offer Nissim Feat.  Maya Simantov - Let God,MEDIUM,Played live at the party; link is the studio version,,
SONG_0260,Offer Nissim Feat. Maya Simantov,Heart Attack,1,YouTube,https://www.youtube.com/watch?v=w7V3io7QCnY,Offer Nissim Feat. Maya Simantov - Heart Attack,MEDIUM,Played live at the party; link is the studio version,,
SONG_0266,Offer Nissim Feat. Maya Simantov,Come Back Home,1,YouTube,https://www.youtube.com/watch?v=Udel2xzB__g,Offer Nissim Feat. Maya Simantov - Come Back Home,MEDIUM,Played live at the party; link is the studio version,,
SONG_0267,Offer Nissim Feat. Maya Simantov,Goddess,1,YouTube,https://www.youtube.com/watch?v=yt9W0Hmc2R8,Offer Nissim Feat. Maya Simantov - Goddess,MEDIUM,Played live at the party; link is the studio version,,
SONG_0272,Offer Nissim Feat. Boruch Sholom & Ilan Peled,Shuva,1,YouTube,https://www.youtube.com/watch?v=4hq3FuAKlmo,Offer Nissim Feat. Boruch Sholom & Ilan Peled - SHUVA,MEDIUM,Played live at the party; link is the studio version,,
SONG_0273,Eliran Halevy Feat. Ivana Lola,Egoeista,1,YouTube,https://www.youtube.com/watch?v=H9ZaNv53xgg,Eliran Halevy Feat. Ivana Lola - Egoeista,MEDIUM,Played live at the party; link is the studio version,,
SONG_0281,Offer Nissim Feat. Ivana Lola,Kissed By You,1,YouTube,https://www.youtube.com/watch?v=k1C-ujWLmkI,Offer Nissim Feat.  Ivana Lola - Kissed By You,MEDIUM,Played live at the party; link is the studio version,,
SONG_0282,Offer Nissim,Everything Is Meaningless,1,YouTube,https://www.youtube.com/watch?v=b2gu84-RfXc,Offer Nissim - Everything Is Meaningless,HIGH,,,yes
SONG_0286,Offer Nissim,Listen To My Heart,1,YouTube,https://www.youtube.com/watch?v=lZk_a_D90zA,Offer Nissim - Listen To My Heart,HIGH,,,yes
SONG_0289,Ilan Peled,Let's Fly,1,YouTube,https://www.youtube.com/watch?v=nuI9U3UzIT4,Offer Nisim X Ilan Peled - Let's Fly - Show Mix,HIGH,,,yes
SONG_0301,Offer Nissim,Little Space,1,YouTube,https://www.youtube.com/watch?v=xa1cDrYI_uc,Offer Nissim - Little Space,HIGH,,,yes
SONG_0310,Offer Nissim X Riki Ben-Ari,Slay,1,YouTube,https://www.youtube.com/watch?v=VHNBrh-9aKw,Offer Nissim Feat. Riki Ben Ari - Slay,MEDIUM,Played live at the party; link is the studio version,,
SONG_0312,Offer Nissim Feat. Ilan Peled,Tac Oh Tertako,1,YouTube,https://www.youtube.com/watch?v=eZC5F7PXTts,Offer Nissim Feat.  Ilan Peled - TAC OH TERTAKO,MEDIUM,Played live at the party; link is the studio version,,
SONG_0313,Offer Nissim,Haw Haw,1,YouTube,https://www.youtube.com/watch?v=aWL5GZBFnEg,Offer Nissim Ft. Ilan Peled Haw Haw,HIGH,,,yes
SONG_0321,Offer Nissim Feat. Maya Simantov,Bridges,1,YouTube,https://www.youtube.com/watch?v=brN6x3bEBnU,Offer Nissim Feat. Maya Simantov - BRIDGES,MEDIUM,Played live at the party; link is the studio version,,
SONG_0322,Offer Nissim,Let Me Tell You Something,1,YouTube,https://www.youtube.com/watch?v=p4Xa7f_-Iqo,Offer Nissim - Let Me Tell You Something,HIGH,,,yes
SONG_0325,Offer Nissim Feat. Maya Simantov,Rain,1,YouTube,https://www.youtube.com/watch?v=jqbLrBtdSRU,Offer Nissim Feat Maya Rain,MEDIUM,"Several ""Rain"" uploads on the channel; this one is ""Feat Maya""",,
SONG_0326,Offer Nissim,Found Love,1,YouTube,https://www.youtube.com/watch?v=PSrRINj6IzE,Offer Nissim - Found Love,HIGH,,,yes
SONG_0327,Offer Nissim X Yuval Raphael,Eagle,1,YouTube,https://www.youtube.com/watch?v=XRlX62OQmZA,עופר ניסים ויובל רפאל | Offer Nissim X Yuval Raphael - EAGLE,HIGH,,,yes
SONG_0328,Offer Nissim Feat. Maya Simantov,Turn The Beat Around,1,YouTube,https://www.youtube.com/watch?v=ps4JRIKJu9M,Offer Nissim Feat.  Maya Simantov - Turn The Beat Around,HIGH,,,yes
SONG_0330,Offer Nissim X Eliran Halevy,Circle,1,YouTube,https://www.youtube.com/watch?v=jQ3Bs3LOgQ4,Offer Nissim X Eliran Halevy - Circle,HIGH,,,yes
SONG_0334,Offer Nissim X Megaphonim,Super Spreader,1,YouTube,https://www.youtube.com/watch?v=ucux4lTaMGc,Offer Nissim X MEGAPHONIM - SUPER SPREADER,HIGH,,,yes
SONG_0335,Offer Nissim Feat. Ivana Lola,Love Again,1,YouTube,https://www.youtube.com/watch?v=lvIUhLAuNUo,Offer Nissim Feat. Ivana Lola - Love Again,HIGH,,,yes
SONG_0336,Offer Nissim Feat. Ilan Peled,Blue Monday,1,YouTube,https://www.youtube.com/watch?v=g_PJncs6k-U,Offer Nissim Feat. Ilan Peled - Blue Monday,HIGH,,,yes
SONG_0344,Offer Nissim Feat. Maya Simantov,Holy Love,1,YouTube,https://www.youtube.com/watch?v=bfwW62O-aRk,Offer Nissim Feat. Maya Simantov - Holy Love,MEDIUM,Played live at the party; link is the studio version,,
SONG_0346,Offer Nissim Feat. Gila Goldstein & Ilan Peled,I Can Be Whatever I Want,1,YouTube,https://www.youtube.com/watch?v=ajc7Uq3VxzQ,Offer Nissim Feat. Gila Goldstein & Ilan Peled - I Can Be Whatever I Want,HIGH,,,yes
SONG_0348,Eliran Halevy & More Avarhami,Turn Me Up,1,YouTube,https://www.youtube.com/watch?v=Q5MVMDgCi4w,Eliran Halevy & Mor Avrahami - Turn Me Up,HIGH,,,yes
SONG_0351,Offer Nissim X Yardena Arazi,Amour Affamé,1,YouTube,https://www.youtube.com/watch?v=6l1PO07R02A,Offer Nissim X Yardena Arazi - Amour Affamé,MEDIUM,Played live at the party; link is the studio version,,
SONG_0355,Offer Nissim X Asulin,Handyman,1,YouTube,https://www.youtube.com/watch?v=YrpWeKA853g,Offer Nissim X Asulin - Handyman  | עופר ניסים ואסולין - האנדימן,MEDIUM,Played live at the party; link is the studio version,,
SONG_0357,Offer Nissim X Lior Narkis,Taxis,1,YouTube,https://www.youtube.com/watch?v=iyTSVU-apIY,Offer Nissim X Lior Narkis - מוניות  | ליאור נרקיס ועופר ניסים,MEDIUM,Played live at the party; link is the studio version (video title in Hebrew: מוניות),,
SONG_0331,Miri Mesika X Offer Nissim,Tizkor Oti,1,YouTube,https://www.youtube.com/watch?v=KHoIs_7Nffo,Miri Mesika X Offer Nissim Show Mix  | מירי מסיקה ועופר ניסים - תזכור אותי,HIGH,Show Mix,,yes
SONG_0232,Offer Nissim X Arik Einstein,Ma Shehaya Haya,1,YouTube,https://www.youtube.com/watch?v=zu05tCcOiuw,Arik Einstein X Offer Nissim - What’s Done Is Done,HIGH,"Uploaded as ""What's Done Is Done""",,yes
SONG_0126,Rivka Zohar,Il n'est Pas Comme Hier,1,YouTube,https://www.youtube.com/watch?v=CRHp4RojHnI,Rivka Zohar - IIn’est Pas Comme Hier - Offer Nissim Remix,HIGH,,,yes
SONG_0164,Kristine W.,The Wonder Of It All,1,YouTube,https://www.youtube.com/watch?v=P7SwNtFPjao,Kristine W Wonder Of It All,MEDIUM,Old upload; version not stated,https://soundcloud.com/offer-nissim/kristine-w-the-wonder-of-it  (The Wonder Of It All (Offer Nissim 2011 Remix) - exact version played),
SONG_0249,Offer Nissim Feat. Ilan Peled,One Minute Before We All Die,1,YouTube,https://www.youtube.com/watch?v=Bj2uBUYTnL4,Offer Nissim Feat. Ilan Peled - One Min Before We All Die,HIGH,,,yes
SONG_0274,Eliran Halevy,Romeo And Juliet,1,YouTube,https://www.youtube.com/watch?v=PnyhcBuZnRo,Eliran Halevy - Romeo & Juliet,HIGH,,,yes
SONG_0090,Idan Raichel,Achshav Nish'arnu,1,SoundCloud,https://soundcloud.com/offer-nissim/idan-raichel-now-there-are-only-the-two-of-us-offer-nissim-remix,Idan Raichel - Now There Are Only The Two Of Us - Offer Nissim Remix,HIGH,"SoundCloud title ""Now There Are Only The Two Of Us"" = Achshav Nish'arnu",,
SONG_0112,Offer Nissim,Sex,1,SoundCloud,https://soundcloud.com/offer-nissim/offer-nissim-sex,Offer Nissim - Sex,HIGH,,,
SONG_0088,Offer Nissim,Fucker,1,SoundCloud,https://soundcloud.com/offer-nissim/offer-nissim-fucker,Offer Nissim - Fucker,HIGH,,,
SONG_0269,Offer Nissim Feat. Cim W,I Want To Be With You,1,SoundCloud,https://soundcloud.com/offer-nissim/offer-nissim-feat-cim-w-i-wanna-be-with-you,Offer Nissim Feat. Cim W - I Wanna Be With You,HIGH,"SoundCloud title ""I Wanna Be With You""",,
SONG_0198,Offer Nissim Presents Ilan Peled,Aprikose,1,SoundCloud,https://soundcloud.com/offer-nissim/offer-nissim-presents-ilan-peled-aprikose,Offer Nissim Presents: Ilan Peled - Aprikose,HIGH,,,
SONG_0080,Offer Nissim Feat. Epiphony & Elisete,Million Stars,1,SoundCloud,https://soundcloud.com/offer-nissim/offer-nissim-ft-epiphony,Offer Nissim Ft. Epiphony & Elisete - Million Stars (Club Mix),HIGH,,,
SONG_0185,Mariah Carey Vs Maya,I'm That Chick,1,SoundCloud,https://soundcloud.com/offer-nissim/maya-vs-mariah-im-that-chick,Maya Vs. Mariah - I'm That Chick  (Offer Nissim Remix),HIGH,,,
SONG_0238,Offer Nissim Feat. Epiphony,Boxing Ring,1,SoundCloud,https://soundcloud.com/offer-nissim/offer-nissim-feat-epiphony-3,Offer Nissim Feat. Epiphony - Boxing Ring (Original Mix),HIGH,,,
SONG_0016,Offer Nissim Feat. Epiphony,Break My World,1,SoundCloud,https://soundcloud.com/offer-nissim/offer-nissim-feat-epiphony-2,Offer Nissim Feat. Epiphony - Break My World (Offer Nissim Mix),HIGH,,,
SONG_0250,Offer Nissim,Keep On Dancing,1,SoundCloud,https://soundcloud.com/offer-nissim/keep-on-dancing,Keep On Dancing,HIGH,,,
SONG_0196,Offer Nissim Feat. Maya Simantov,Love Me,1,SoundCloud,https://soundcloud.com/offer-nissim/love-me-original-mix-feat-maya,Love Me (Original Mix) [feat. Maya],HIGH,Original Mix,,
SONG_0268,Jessica Sanchez,Stronger Together,1,SoundCloud,https://soundcloud.com/offer-nissim/jessica-sanchez-stronger-together-offer-nissims-israel-loves-hillary-remix,Jessica Sanchez - Stronger Together (Offer Nissim's Israel Loves Hillary Remix),HIGH,,,
SONG_0200,Pet Shop Boys,The Pop Kids,1,SoundCloud,https://soundcloud.com/offer-nissim/pet-shop-boys-the-pop-kids-offer-nissim-drama-remix,Pet Shop Boys - The Pop Kids (Offer Nissim Drama Remix),HIGH,,,
